Filename,Segment,WC,WPS,Sixltr,Dic,Функция,Местоимение,Личноеместоимение,я,мы,ты,онаон,они,неопределенныеместоимен,вы,вербальные,сленг,Наречие,Предлог,Союз,Отрицание,quant,Числительное,ВульгаризмТабу,Общество,Семья,Друг,Человечество,Действие,Позитив,Негатив,Беспокойство,Гнев,Грусть,Когнитив,Интуиция,Мотивация,Несоответствие,Попытка,Уверенность,Помеха,Включение,Исключение,Перцепция,Видение,Слышание,Чувствование,Биология,Тело,Здоровье,Секс,Потребление,Сравнение,Стимул,Пространство,Время,Работа,Успех,Досуг,Дом,Деньги,Религия,Смерть,Согласие,Междометие,Наполнение,AllPunc,Period,Comma,Colon,SemiC,QMark,Exclam,Dash,Quote,Apostro,Parenth,OtherP,group
E2T12HF7DVgDyo2apqO3Qw_d.txt,1,128,11.64,33.59,84.38,47.66,9.38,9.38,3.12,4.69,0.0,0.78,0.78,0.0,0.0,11.72,0.0,1.56,12.5,10.16,1.56,7.81,1.56,0.0,15.62,0.0,0.0,6.25,7.81,5.47,1.56,0.0,0.0,0.0,26.56,1.56,2.34,1.56,2.34,4.69,0.78,13.28,0.78,3.12,1.56,0.78,0.0,3.12,0.0,2.34,0.78,0.0,28.12,3.91,15.62,6.25,0.78,1.56,0.0,0.0,0.0,0.0,0.0,0.0,0.0,0.78,24.22,10.16,11.72,0.0,0.0,0.0,0.0,0.78,1.56,0.0,0.0,0.0,clinic
E6HnYOg_LBTxiFKNQbsNSw_d.txt,1,142,14.2,38.73,77.46,42.96,15.49,7.75,0.7,4.93,0.0,1.41,4.93,0.7,0.0,10.56,0.0,0.0,11.27,5.63,2.11,6.34,0.0,0.0,8.45,0.0,0.0,0.0,10.56,7.75,2.11,0.0,1.41,0.0,19.01,5.63,0.7,0.0,0.7,4.23,0.7,9.15,0.0,0.7,0.7,0.0,0.0,3.52,0.0,2.82,0.0,0.7,23.94,3.52,16.9,0.7,0.7,2.82,0.0,0.0,1.41,0.0,0.7,0.7,0.0,0.0,19.72,7.04,9.86,0.0,0.0,0.0,0.0,1.41,1.41,0.0,0.0,0.0,clinic
Y-oL9e5ZdMN5DytW7XMqGg_d.txt,1,308,11.41,26.95,85.06,57.47,16.88,13.31,9.42,0.32,0.32,3.25,2.27,0.65,0.0,18.83,0.0,4.55,14.94,11.69,4.22,4.55,0.0,0.0,8.77,0.97,0.32,0.0,8.12,3.25,4.87,0.65,1.95,0.65,21.43,1.95,3.9,0.97,3.25,3.25,0.32,8.77,1.62,0.97,0.32,0.32,0.32,0.97,0.32,0.65,0.0,0.0,21.1,1.3,13.96,4.55,3.57,2.6,0.65,0.0,0.0,0.65,0.0,1.3,0.0,0.97,20.13,9.42,8.77,0.32,0.0,0.0,0.0,0.65,0.65,0.0,0.0,0.32,clinic
V1JoRpA7sT7eViQ56cG4Iw_shi.txt,1,397,7.35,32.24,79.35,42.07,15.37,11.34,9.07,0.0,0.0,1.26,2.77,1.26,0.0,17.13,0.0,2.77,7.56,8.56,2.77,2.52,0.5,0.0,7.81,0.0,0.0,0.0,19.65,14.61,3.78,3.53,1.01,0.25,23.17,4.53,2.27,2.77,2.52,5.04,1.76,5.04,4.03,1.76,0.76,0.76,0.25,3.78,0.5,1.26,1.26,1.01,15.11,2.77,8.31,4.53,0.25,4.79,0.0,0.0,0.25,0.0,0.0,0.0,0.0,0.76,34.76,12.59,10.58,0.0,0.5,1.01,0.76,0.5,8.56,0.0,0.0,0.25,clinic
f_WfzmORHwvQs8-6Zt6cdQ_d.txt,1,273,13.65,37.73,81.68,43.96,11.36,9.16,5.13,1.47,0.0,2.56,1.1,0.37,0.0,14.29,0.0,2.56,8.42,13.55,2.2,4.76,1.1,0.0,10.26,0.0,0.0,4.4,9.52,8.06,0.37,0.0,0.37,0.0,23.44,2.93,4.03,1.47,2.56,3.3,1.1,10.99,2.2,2.2,1.47,0.0,0.73,2.93,0.0,1.83,0.0,1.1,15.38,2.2,10.99,2.2,3.66,2.56,0.37,0.73,1.47,0.0,0.0,0.0,0.0,2.2,16.48,7.33,5.86,1.47,0.0,0.0,0.0,0.37,0.73,0.0,0.73,0.0,clinic
ETG-F33qQmGXZ8IYjhLmWw_d.txt,1,154,9.06,22.08,87.01,53.9,19.48,16.23,11.04,0.65,0.0,4.55,3.25,0.0,0.0,17.53,0.0,4.55,11.69,9.09,0.65,2.6,0.65,0.0,11.04,1.3,0.0,3.25,13.64,11.69,1.95,0.0,0.0,1.3,19.48,4.55,1.3,0.65,1.3,1.95,1.3,11.69,0.65,1.95,0.65,0.0,1.3,3.25,0.0,1.95,1.3,0.0,29.87,2.6,18.18,7.79,0.65,0.65,1.95,0.65,0.0,0.0,0.0,0.0,0.0,0.65,24.03,11.04,6.49,0.65,0.0,0.0,0.0,0.65,5.19,0.0,0.0,0.0,clinic
qWCJvKcfPRptLTyts2acvQ_d.txt,1,226,10.76,23.01,87.17,54.87,20.35,17.7,14.16,0.0,0.0,2.65,3.1,0.44,0.0,23.01,0.0,4.87,11.06,9.73,4.42,1.33,0.0,0.0,11.06,0.0,0.0,1.77,9.73,4.87,2.21,0.44,0.0,0.88,19.47,4.42,2.21,1.77,5.31,3.1,0.44,4.87,2.21,2.65,0.88,1.33,0.44,2.21,0.44,0.44,0.88,0.44,22.57,3.98,11.5,5.75,1.33,1.33,0.88,0.44,0.0,0.44,0.0,0.0,0.0,1.33,25.66,9.29,10.18,0.88,0.0,0.44,0.0,1.33,1.77,0.0,1.77,0.0,clinic
mREDbPPoIghuyqAHWmn8Fw_shi.txt,1,239,21.73,23.43,84.94,55.23,14.64,11.72,5.86,1.67,0.42,3.35,1.67,0.42,0.0,20.5,0.0,2.93,10.46,16.32,1.67,3.35,0.42,0.0,13.81,0.0,1.67,2.09,13.81,10.88,1.67,0.84,0.42,0.42,23.43,5.86,2.51,2.93,0.84,1.67,0.84,10.88,2.09,0.42,0.0,0.42,0.0,1.26,0.42,0.42,0.0,0.42,15.48,1.26,12.13,1.67,1.67,3.77,0.0,0.0,0.42,0.0,0.0,0.0,0.0,2.93,16.74,4.18,7.53,0.0,0.84,0.0,0.42,2.51,0.84,0.0,0.42,0.0,clinic
vStKzsRu3yh6Q7myEXUwbA_d.txt,1,169,6.5,17.16,89.35,59.17,21.3,12.43,9.47,0.0,1.18,1.78,7.1,1.18,0.0,27.22,0.0,2.37,8.28,11.24,4.14,5.33,0.0,0.0,10.06,0.0,1.18,2.96,13.61,8.28,4.73,1.78,1.18,0.0,20.71,4.73,0.59,2.96,2.96,1.78,0.0,11.83,4.14,2.96,0.59,1.18,1.18,0.59,0.0,0.59,0.0,0.0,20.71,1.18,12.43,2.96,1.18,0.59,0.59,0.0,0.0,0.0,0.59,0.59,0.0,0.59,32.54,17.75,6.51,0.0,0.0,1.18,0.0,1.18,5.92,0.0,0.0,0.0,clinic
sw_LBqbBrY8pBucysQ9Ntw_shi.txt,1,67,5.15,34.33,82.09,38.81,23.88,16.42,16.42,0.0,0.0,0.0,7.46,0.0,0.0,26.87,0.0,2.99,1.49,7.46,2.99,2.99,0.0,0.0,13.43,0.0,2.99,0.0,28.36,22.39,0.0,0.0,0.0,0.0,11.94,0.0,1.49,1.49,1.49,0.0,0.0,8.96,2.99,4.48,0.0,4.48,0.0,7.46,0.0,1.49,5.97,0.0,10.45,2.99,5.97,1.49,1.49,1.49,7.46,0.0,0.0,4.48,0.0,1.49,0.0,1.49,29.85,20.9,7.46,0.0,0.0,0.0,0.0,1.49,0.0,0.0,0.0,0.0,clinic
i9U2z0t3it4f56kBCzNBwg_shi.txt,1,81,10.12,45.68,82.72,38.27,8.64,6.17,0.0,0.0,1.23,4.94,0.0,0.0,0.0,8.64,0.0,1.23,7.41,6.17,4.94,1.23,3.7,0.0,12.35,0.0,0.0,2.47,9.88,6.17,1.23,2.47,0.0,1.23,24.69,4.94,3.7,1.23,2.47,2.47,3.7,2.47,2.47,4.94,4.94,0.0,0.0,0.0,0.0,0.0,0.0,0.0,17.28,1.23,12.35,2.47,0.0,1.23,1.23,8.64,0.0,0.0,0.0,0.0,0.0,0.0,24.69,9.88,14.81,0.0,0.0,0.0,0.0,0.0,0.0,0.0,0.0,0.0,clinic
UOFl5DQknYuCn0EWaYQqlw_shi.txt,1,52,13.0,32.69,90.38,59.62,19.23,15.38,5.77,1.92,0.0,5.77,3.85,3.85,0.0,17.31,0.0,1.92,9.62,13.46,0.0,7.69,0.0,0.0,17.31,0.0,3.85,1.92,19.23,15.38,1.92,0.0,1.92,0.0,19.23,0.0,5.77,0.0,0.0,5.77,0.0,9.62,0.0,0.0,0.0,0.0,0.0,3.85,1.92,0.0,1.92,0.0,15.38,0.0,11.54,1.92,1.92,3.85,0.0,0.0,0.0,5.77,0.0,0.0,0.0,1.92,15.38,7.69,7.69,0.0,0.0,0.0,0.0,0.0,0.0,0.0,0.0,0.0,clinic
idNepowIirP2SIGLpKZlaw_shi.txt,1,197,10.37,26.9,91.37,54.31,18.27,13.2,5.58,0.0,0.51,5.08,4.57,1.02,0.0,17.26,0.0,5.58,12.18,9.64,2.03,2.03,0.0,0.0,15.23,0.0,0.0,3.55,9.14,5.58,1.52,0.51,0.0,0.0,29.44,10.15,6.6,1.52,3.55,2.54,1.02,7.11,2.03,2.03,1.02,0.0,1.02,1.52,0.0,0.0,0.0,1.52,21.32,3.55,14.72,1.02,0.51,1.52,0.51,0.0,0.0,0.0,0.0,1.02,0.0,3.05,22.34,9.64,12.18,0.0,0.0,0.0,0.0,0.51,0.0,0.0,0.0,0.0,clinic
i6j4NxiqjzvR9l6BROYdmg_d.txt,1,212,14.13,23.58,87.74,57.55,18.87,14.62,11.32,0.0,0.0,2.83,2.83,0.94,0.0,23.11,0.0,3.3,14.15,9.43,1.42,5.19,2.36,0.47,6.6,0.0,0.47,0.47,12.26,7.08,3.77,2.36,1.89,0.0,21.23,2.36,1.42,1.89,2.83,2.36,1.42,8.49,4.25,0.47,0.0,0.47,0.0,1.89,0.47,0.47,0.47,0.47,26.42,0.94,16.51,8.02,1.42,1.42,0.0,0.94,0.0,0.0,0.0,0.0,0.0,0.0,20.28,7.08,9.91,0.47,0.47,0.0,0.0,1.42,0.94,0.0,0.0,0.0,clinic
nXmxo38xgBzRGmcG-0DWvQ_d.txt,1,114,6.71,35.96,86.84,41.23,21.93,18.42,7.02,0.0,0.0,11.4,1.75,0.88,0.0,14.91,0.0,0.88,7.02,6.14,0.0,1.75,0.0,0.0,19.3,0.0,0.0,7.02,11.4,9.65,1.75,0.0,0.88,0.0,17.54,7.89,3.51,0.0,0.0,0.88,0.0,7.89,0.88,4.39,1.75,0.0,1.75,4.39,0.0,4.39,0.0,0.0,20.18,4.39,8.77,4.39,0.88,7.89,0.0,0.0,0.0,0.0,0.0,0.0,0.0,0.0,29.82,14.04,13.16,0.0,0.0,0.0,0.88,1.75,0.0,0.0,0.0,0.0,clinic
hT5GiXib9B9MHR75oYwb7A_d.txt,1,88,6.77,32.95,81.82,51.14,15.91,9.09,9.09,0.0,0.0,0.0,4.55,1.14,0.0,15.91,0.0,2.27,12.5,10.23,1.14,4.55,0.0,1.14,5.68,0.0,0.0,2.27,10.23,5.68,3.41,0.0,3.41,0.0,26.14,2.27,4.55,0.0,3.41,10.23,0.0,10.23,2.27,1.14,0.0,1.14,0.0,3.41,1.14,0.0,0.0,0.0,22.73,1.14,14.77,2.27,3.41,2.27,0.0,0.0,1.14,0.0,0.0,0.0,0.0,1.14,28.41,11.36,9.09,0.0,0.0,3.41,0.0,0.0,4.55,0.0,0.0,0.0,clinic
dqgaV4mTIkcwgc0ne80eNw_d.txt,1,91,7.58,23.08,91.21,56.04,18.68,13.19,9.89,0.0,0.0,1.1,4.4,0.0,0.0,23.08,0.0,3.3,12.09,9.89,6.59,1.1,1.1,0.0,17.58,0.0,0.0,6.59,16.48,9.89,4.4,1.1,0.0,3.3,24.18,1.1,5.49,3.3,5.49,2.2,0.0,8.79,4.4,0.0,0.0,0.0,0.0,5.49,1.1,1.1,2.2,1.1,23.08,1.1,14.29,5.49,0.0,3.3,0.0,0.0,0.0,0.0,0.0,0.0,0.0,0.0,31.87,13.19,9.89,0.0,0.0,0.0,0.0,6.59,2.2,0.0,0.0,0.0,clinic
4MtuOCpd_3KsHdqWkIE3Rw_shi.txt,1,188,8.55,24.47,85.64,53.72,17.02,14.89,13.83,0.0,0.0,1.06,1.06,0.53,0.0,26.06,0.0,2.66,13.83,9.57,5.32,3.72,1.06,0.0,8.51,0.0,1.6,3.19,7.98,4.26,2.66,0.0,0.53,1.6,17.02,2.13,1.6,1.06,2.13,1.06,0.53,7.98,1.06,1.06,0.0,0.0,0.0,3.72,0.0,3.19,0.0,0.53,19.15,2.13,10.11,6.38,5.32,5.32,0.0,0.0,0.53,0.0,0.0,1.06,0.0,1.6,22.34,11.17,9.04,0.0,0.0,0.0,1.06,1.06,0.0,0.0,0.0,0.0,clinic
UAuG9xa8-MVYvHRHcbbkWQ.txt,1,344,13.23,31.98,86.92,52.91,16.86,10.17,2.91,3.49,0.29,3.2,2.33,1.74,0.87,11.92,0.0,1.74,13.08,10.76,2.33,4.94,0.0,0.0,13.66,0.0,0.87,1.74,13.66,12.21,1.45,0.29,0.29,0.29,27.33,4.36,4.07,2.33,3.49,4.07,1.45,11.92,1.74,3.49,1.16,0.29,0.87,1.45,0.0,1.45,0.0,0.0,20.06,1.45,15.41,2.91,0.87,2.33,0.58,0.0,0.0,0.0,0.0,2.03,0.0,0.29,18.31,7.56,8.72,0.0,0.0,0.0,0.0,1.16,0.58,0.0,0.29,0.0,control
4yqcYinxReYtRpuTrQCpMA.txt,1,544,20.92,32.35,79.23,48.35,11.21,7.17,4.23,0.0,0.0,2.94,1.47,1.65,0.0,13.24,0.0,2.21,11.4,13.79,2.21,2.76,0.92,0.0,7.35,0.55,0.55,0.55,8.09,5.15,2.39,0.55,0.37,0.74,25.37,2.94,1.84,1.84,2.39,2.94,1.65,11.21,3.31,3.68,1.47,0.74,0.92,1.29,0.18,0.55,0.0,0.55,21.88,2.57,12.32,5.88,2.94,2.76,0.74,0.55,0.37,0.18,0.18,0.74,0.37,0.74,30.7,4.41,11.95,0.18,0.0,0.18,0.0,5.33,6.62,0.0,2.02,0.0,control
hsZcUObC06mThxfZ1nHnHw.txt,1,427,11.86,28.34,82.67,51.76,13.11,8.9,6.56,0.47,0.0,0.94,4.22,0.47,0.0,17.8,0.0,2.34,13.58,9.84,5.15,5.62,0.0,0.0,7.03,0.0,0.0,1.64,11.01,7.73,2.11,0.47,0.94,0.47,18.5,4.68,3.04,0.47,3.04,2.11,1.17,8.2,1.41,0.94,0.23,0.0,0.47,2.34,0.23,0.7,0.47,0.94,21.78,2.11,14.29,3.28,2.11,1.87,0.47,0.0,0.23,0.23,0.47,0.23,0.0,1.17,22.25,8.67,9.84,0.0,0.0,0.0,0.0,1.41,1.87,0.0,0.47,0.0,control
F6Zo9nr4yfuFmvVDQjnLCQ.txt,1,308,13.39,27.27,88.96,54.22,15.26,11.04,6.49,0.97,0.0,3.25,2.6,0.65,0.0,15.58,0.0,4.87,10.06,13.96,2.92,4.22,0.65,0.0,13.64,0.32,1.3,1.95,7.79,5.84,1.3,0.32,0.65,0.0,28.57,3.9,1.3,0.97,4.87,3.9,0.97,11.04,3.57,0.65,0.32,0.97,0.0,2.92,0.0,1.3,0.65,0.97,17.53,2.6,10.06,3.9,1.62,1.62,0.0,0.65,0.32,0.0,0.32,1.95,0.32,1.62,23.38,7.47,9.09,0.0,0.0,0.0,0.0,2.92,3.25,0.0,0.65,0.0,control
bP3XiaXe1a90kCy4axW18A.txt,1,272,11.83,35.29,84.56,45.59,13.6,9.93,5.88,0.74,0.0,3.31,2.94,0.37,0.0,13.97,0.0,3.68,16.54,6.62,2.94,1.47,0.0,0.0,13.24,1.1,0.0,0.37,10.66,6.62,2.21,0.74,1.1,0.37,20.59,3.31,2.21,0.0,2.57,2.57,1.84,12.13,0.37,2.21,0.37,0.37,1.1,2.57,0.0,0.74,1.84,0.0,24.63,2.21,17.28,5.15,1.1,1.47,3.31,0.37,0.0,0.37,0.0,0.0,0.0,0.74,22.79,8.46,9.19,0.0,0.0,0.0,0.0,1.84,0.74,0.0,2.21,0.37,control
JsOby8sGD9-6skM6l4QROQ.txt,1,269,15.82,38.29,80.3,47.96,11.52,4.83,1.12,0.0,0.0,3.35,3.72,0.74,0.0,18.96,0.0,2.6,14.87,6.32,4.83,2.6,1.86,0.0,11.52,0.0,0.0,2.97,7.43,3.72,1.86,1.12,0.0,0.74,20.82,6.32,1.49,1.49,2.23,2.97,1.12,7.81,0.74,1.86,0.74,0.37,0.74,0.37,0.0,0.0,0.0,0.37,19.33,0.74,13.75,4.46,2.97,3.35,0.74,0.37,0.37,0.0,0.0,0.74,0.37,1.12,21.93,4.83,12.27,0.37,0.0,1.49,0.0,0.0,2.97,0.0,0.0,0.0,control
gWrxOHA0FzPQ0QvR8qkf6w.txt,1,514,17.13,26.07,82.1,52.53,15.37,9.14,4.67,0.19,0.0,4.28,2.92,1.56,0.0,17.9,0.0,2.72,10.7,13.42,2.72,3.89,0.19,0.0,9.73,0.58,0.0,1.56,7.98,5.64,1.17,0.58,0.58,0.0,24.51,5.64,2.92,0.97,2.92,2.33,0.58,11.09,2.72,1.17,0.78,0.19,0.19,0.97,0.39,0.39,0.0,0.19,19.65,3.31,10.89,6.03,3.7,2.14,0.39,0.0,0.0,0.39,0.0,0.0,0.19,1.17,22.18,5.25,13.42,0.19,0.0,0.97,0.0,1.95,0.39,0.0,0.0,0.0,control
JaAs-40t-tcnb0WJ2DzGVA.txt,1,345,16.43,27.54,88.7,52.17,15.94,11.3,6.96,1.45,0.0,1.45,3.48,0.29,0.0,17.1,0.0,4.06,10.43,12.46,3.77,3.19,0.29,0.0,15.36,0.29,3.48,1.74,14.78,11.01,2.32,0.29,0.87,1.16,20.58,2.32,1.74,1.45,2.9,3.19,0.29,11.88,2.9,2.61,1.16,0.29,0.87,3.77,0.0,1.16,1.74,0.87,14.78,2.03,7.54,5.51,1.74,2.32,2.03,1.45,0.0,0.0,0.0,1.16,0.0,0.0,14.2,6.09,6.09,0.29,0.0,0.0,0.0,0.87,0.0,0.0,0.87,0.0,control
1G7WdeM2g1ka_SBOF6wO0g.txt,1,317,15.85,30.28,86.12,52.68,15.46,9.78,7.26,0.32,0.0,1.58,3.79,0.32,0.0,17.67,0.0,2.84,10.41,16.72,3.15,1.89,0.0,0.0,9.78,0.63,1.26,0.95,11.36,8.52,1.58,1.26,0.32,0.32,27.13,5.05,2.84,1.58,4.1,0.32,1.58,14.2,3.15,3.79,0.0,1.89,0.95,1.89,0.0,1.26,0.32,0.32,15.77,1.58,10.09,3.47,1.26,1.89,0.32,0.0,0.32,0.0,0.63,0.95,0.0,1.26,22.08,6.31,12.93,0.0,0.0,0.0,0.0,0.95,0.63,0.0,1.26,0.0,control
qnDwvYGArrxDT66r-uRwMg.txt,1,335,30.45,25.37,76.72,46.27,16.12,10.45,4.18,1.79,0.3,3.88,3.88,0.9,0.0,16.12,0.0,2.09,10.75,9.85,2.39,3.58,0.3,0.0,8.36,0.0,0.0,0.0,8.06,7.16,0.9,0.0,0.0,0.3,21.49,4.48,2.39,1.49,2.99,2.39,0.3,8.96,3.28,4.48,0.6,2.69,1.19,0.3,0.3,0.0,0.0,0.0,18.21,2.09,11.64,3.58,1.49,4.48,1.19,0.3,1.19,0.9,0.3,0.3,0.0,1.19,25.97,9.25,10.75,1.79,0.0,0.0,0.3,2.09,1.79,0.0,0.0,0.0,control
W98OBlrv96g39HAx0N0BZg.txt,1,464,15.47,25.22,89.87,59.7,12.28,8.41,6.25,0.22,0.0,1.94,2.16,1.08,0.0,22.63,0.0,3.88,12.28,13.36,5.39,3.66,1.08,0.0,6.9,0.22,0.22,0.0,5.6,3.23,0.43,1.29,0.0,0.22,27.8,7.54,2.16,1.51,5.6,3.23,0.22,8.19,4.96,2.8,0.43,1.72,0.65,0.65,0.22,0.0,0.43,0.0,19.4,2.59,8.41,7.97,3.02,2.16,1.08,0.65,0.0,0.0,0.0,0.43,0.0,0.22,27.8,6.68,16.81,0.0,0.0,0.0,0.0,2.59,0.86,0.0,0.86,0.0,control
Vp49XaOBaW6qzekRLXDp8g.txt,1,294,17.29,30.61,81.63,53.74,13.61,10.54,8.5,0.0,0.0,2.04,2.38,0.0,0.0,17.69,0.0,4.42,11.56,17.69,1.36,1.7,0.0,0.34,5.1,0.34,0.34,0.34,7.82,6.8,0.34,0.0,0.34,0.0,25.85,6.8,3.74,0.68,1.36,1.02,0.0,13.61,3.4,2.38,0.34,1.7,0.34,2.04,0.0,1.36,0.34,0.34,20.07,0.68,12.59,5.44,1.7,1.36,1.02,0.0,0.34,0.68,0.34,0.0,1.02,2.72,27.55,5.78,13.61,0.34,0.0,0.0,0.68,2.38,4.76,0.0,0.0,0.0,control
1YAwm2_h9vstn-yCWfaaHQ.txt,1,303,13.17,37.29,84.49,42.24,9.24,6.6,5.94,0.0,0.0,0.66,1.65,0.33,0.0,12.87,0.0,5.28,12.21,9.57,2.97,1.32,0.0,0.0,10.56,0.99,1.98,2.31,15.51,10.89,3.96,1.65,1.65,0.33,21.12,4.95,1.32,1.65,4.62,0.99,1.65,6.93,2.97,3.3,1.98,0.66,0.0,0.66,0.66,0.0,0.0,0.0,21.12,3.3,11.55,7.26,2.31,2.64,0.99,0.0,0.33,0.0,0.0,0.33,0.0,0.66,26.73,7.26,15.18,0.99,0.0,0.0,0.33,1.65,0.66,0.0,0.66,0.0,control
tSU4pAtpaIKeUlFmLeb0rQ.txt,1,304,16.89,25.66,89.14,57.24,24.34,16.78,10.86,0.33,0.99,3.29,5.59,1.32,0.0,27.3,0.0,1.97,13.16,8.88,3.62,1.97,0.0,0.0,14.8,0.0,0.66,2.3,9.21,7.57,0.66,0.66,0.33,0.33,21.05,4.93,1.64,1.32,3.62,2.96,0.66,9.87,1.32,3.29,0.66,0.99,0.33,1.32,0.0,0.66,0.0,0.66,17.76,1.32,10.2,5.92,0.66,1.97,0.33,0.0,0.33,0.0,0.0,0.0,0.0,0.66,20.72,7.24,10.53,0.0,0.33,0.0,0.0,0.99,1.32,0.0,0.33,0.0,control
edhx8DDUEAdmCYcd25aF4A.txt,1,373,17.76,24.13,82.84,57.1,12.87,8.31,4.56,2.41,0.27,1.07,2.14,1.07,0.0,16.35,0.0,4.83,13.4,11.8,2.14,4.56,0.54,0.0,6.43,0.0,0.54,1.07,5.9,4.83,1.07,0.0,0.0,0.54,25.2,4.02,3.49,0.27,2.95,1.61,0.27,12.87,2.95,0.27,0.0,0.0,0.27,1.34,0.8,0.54,0.0,0.0,27.61,1.07,13.67,10.19,4.56,2.41,0.27,0.27,0.27,0.0,0.27,0.0,0.0,1.34,23.86,6.17,10.99,0.0,0.0,0.0,0.0,1.88,0.54,0.0,4.29,0.0,control
2e2BumNbU8kfKE1QcYK3bw.txt,1,536,33.5,34.51,88.99,56.34,15.3,9.14,5.6,0.37,0.93,2.05,2.99,0.56,0.0,17.16,0.0,2.8,12.13,13.99,2.61,4.48,0.75,0.0,8.77,0.0,0.19,0.93,8.02,4.66,1.68,0.56,0.19,0.19,33.4,8.21,5.41,1.68,7.09,2.99,0.37,9.89,3.17,1.68,0.37,0.75,0.37,0.93,0.19,0.19,0.56,0.0,19.03,1.87,10.07,4.85,0.93,1.68,0.19,0.0,0.19,0.0,0.0,0.37,0.0,1.12,23.69,2.99,14.55,0.19,0.0,0.0,0.0,2.99,0.37,0.0,2.61,0.0,control
oixs-Mz_3kLbnrYtXYehlA.txt,1,544,11.57,24.45,88.42,58.27,17.46,12.32,8.82,0.37,0.37,1.65,4.04,0.74,0.0,21.14,0.0,3.12,10.48,13.05,4.23,4.41,0.92,0.0,10.29,0.0,0.18,1.29,9.01,6.43,2.02,0.18,0.92,0.18,25.74,6.07,1.65,0.74,3.12,4.41,0.55,9.93,2.76,2.21,0.55,0.92,0.55,2.21,0.37,0.74,0.37,0.74,18.57,2.21,11.03,4.78,0.92,0.92,0.37,0.0,0.0,0.0,0.0,1.84,0.92,1.47,26.65,9.19,13.79,0.18,0.0,0.74,0.18,0.74,1.1,0.0,0.74,0.0,control
rPkIVKqHUkcJPEbd8I7FEQ.txt,1,275,18.33,35.27,85.45,46.55,11.64,8.73,6.91,0.0,0.0,1.82,1.82,0.36,0.0,17.09,0.36,3.27,12.36,10.91,2.91,3.64,0.0,0.0,7.64,0.0,0.0,2.55,13.82,10.55,1.82,0.0,0.0,1.82,23.27,4.73,2.91,1.82,3.27,1.45,2.18,8.73,2.18,1.09,0.36,0.36,0.36,2.18,0.0,1.09,1.09,0.0,22.55,2.91,13.45,6.18,4.36,4.0,1.45,0.0,0.0,0.0,0.0,0.0,0.0,1.45,18.55,5.45,12.0,0.0,0.0,0.0,0.0,1.09,0.0,0.0,0.0,0.0,control
49ZuAPR_GYV2fvLsAH93zg.txt,1,340,20.0,35.29,82.35,45.88,11.76,6.18,0.88,2.06,0.0,2.35,2.94,0.59,0.0,10.59,0.0,1.18,12.06,10.0,3.53,3.82,1.18,0.0,10.88,0.0,0.29,1.18,9.41,7.35,1.47,0.29,0.29,0.29,22.94,5.59,2.06,0.29,1.76,2.35,0.88,12.06,2.06,1.18,0.88,0.0,0.29,1.18,0.29,0.88,0.0,0.0,22.35,1.47,13.53,6.47,3.24,1.76,0.59,0.0,0.0,2.06,0.59,0.88,0.29,0.88,24.71,4.41,11.76,0.59,0.0,0.59,0.0,2.06,3.53,0.0,1.76,0.0,control
jH41QWrqXAvQ83K1NXehbw.txt,1,279,13.29,25.09,78.49,51.25,14.7,9.32,6.81,0.0,0.0,1.43,3.58,1.43,0.36,14.7,0.0,5.38,12.54,11.47,1.79,3.23,0.0,0.0,7.53,0.0,0.72,0.72,7.89,4.3,1.79,0.72,0.72,0.72,19.0,2.87,1.08,1.79,4.3,1.43,1.08,8.6,2.15,1.43,0.0,1.08,0.36,2.15,0.36,1.08,0.72,0.0,21.86,1.43,13.62,5.02,1.79,0.36,0.0,0.0,0.0,0.0,0.0,1.08,0.0,0.72,37.99,6.81,11.11,0.36,0.0,0.0,14.34,3.23,0.0,0.0,2.15,0.0,control
_ETAG8zkuJgMkj9vRPN-WA.txt,1,347,20.41,42.65,79.83,41.21,7.2,4.32,1.73,0.29,0.0,2.02,1.73,1.44,0.0,10.95,0.0,1.15,13.83,6.63,3.75,2.02,2.02,0.0,7.49,0.0,0.58,0.29,10.09,8.36,1.73,0.29,0.0,1.15,23.05,6.34,2.88,0.58,4.61,3.46,0.58,6.05,1.73,1.44,1.15,0.29,0.0,0.58,0.29,0.29,0.0,0.0,27.09,4.32,13.26,4.61,3.46,5.48,0.29,0.29,0.29,0.0,0.0,0.29,0.0,0.29,19.88,4.32,9.51,0.86,0.0,0.58,0.0,0.0,3.46,0.0,1.15,0.0,control
FHsLqoWjt-tP_YdU5xyHnw.txt,1,410,13.23,22.68,90.98,58.54,19.27,15.37,10.98,0.0,0.73,3.41,2.2,2.2,0.0,25.61,0.0,3.17,10.49,15.85,2.44,1.71,0.0,0.0,10.49,1.22,0.98,0.98,9.27,6.34,2.44,0.98,0.49,0.73,28.29,8.29,1.95,2.2,2.68,2.68,0.73,11.22,2.68,1.22,0.24,0.73,0.24,2.2,0.0,0.49,0.24,1.46,15.37,2.93,7.07,6.1,1.46,1.71,0.24,0.0,0.0,0.0,0.0,0.73,0.0,0.49,18.05,7.32,9.76,0.0,0.0,0.24,0.0,0.73,0.0,0.0,0.0,0.0,control
Ab7PKwdkvYjUDai6y-2rPg.txt,1,310,19.38,31.61,84.19,47.1,17.1,7.42,3.23,2.9,0.0,1.29,4.52,2.58,0.0,17.42,0.0,1.61,8.06,10.32,2.58,4.52,0.0,0.0,14.52,0.32,0.65,3.23,14.52,11.29,3.23,1.29,0.0,0.97,29.35,6.77,1.94,1.61,4.52,2.58,0.65,13.55,2.9,1.94,0.65,0.32,0.65,4.19,0.32,0.97,1.29,1.61,14.19,0.65,8.06,3.87,3.55,4.19,1.61,0.32,0.65,0.0,0.65,0.0,0.0,0.32,23.23,4.84,16.13,0.0,0.0,0.0,0.32,1.94,0.0,0.0,0.0,0.0,stem
wdKY3PAclFy_Wc2TLNM5MQ.txt,1,306,21.86,27.78,81.37,47.39,15.36,9.8,1.96,0.65,1.63,5.23,1.63,1.31,0.0,10.78,0.0,1.63,12.09,9.8,0.98,3.59,0.0,0.0,17.65,0.0,0.0,3.59,8.5,6.21,1.31,0.33,0.33,0.65,19.61,2.94,3.59,2.61,4.58,0.65,0.0,6.54,3.59,1.63,0.98,0.65,0.0,2.94,0.0,1.96,0.0,0.98,21.57,1.63,14.38,4.25,2.94,3.59,0.33,0.0,0.65,1.31,0.0,0.0,0.33,0.98,23.2,4.58,9.48,0.0,0.0,0.0,0.0,2.61,1.31,0.0,3.92,1.31,stem
8NFetNJdzhGZJbsLmY1IqQ.txt,1,292,14.6,40.75,83.9,40.41,8.9,5.14,0.0,0.34,0.0,2.05,4.79,0.34,0.0,9.25,0.0,2.4,9.59,10.62,4.45,1.71,1.71,0.34,14.73,0.0,0.0,3.42,10.27,5.14,3.42,1.37,2.05,0.68,25.0,5.14,3.42,0.68,2.74,2.74,3.42,5.82,2.74,1.03,0.0,1.03,0.0,2.05,0.34,1.37,0.34,0.0,21.58,2.05,11.3,6.51,2.74,3.08,0.34,0.68,0.0,0.34,1.71,1.03,0.68,1.03,17.81,4.11,9.93,0.0,0.0,2.74,0.0,0.34,0.68,0.0,0.0,0.0,stem
Lze8ot5CiNVBpGVd6bKjKQ.txt,1,360,27.69,28.06,83.89,52.22,11.11,7.22,1.94,0.56,0.28,3.89,3.06,0.28,0.0,15.83,0.0,1.39,8.33,14.17,4.72,9.44,0.28,0.0,11.39,0.0,0.0,2.78,12.78,8.33,4.44,0.0,2.22,1.11,27.22,5.0,2.78,3.61,2.5,3.33,1.67,9.72,2.5,0.83,0.28,0.56,0.0,0.28,0.28,0.0,0.0,0.0,17.78,0.0,12.5,3.33,1.67,2.78,0.28,0.0,0.0,0.83,0.28,0.28,0.0,0.0,21.11,3.61,10.28,0.0,0.0,0.0,0.0,4.44,2.78,0.0,0.0,0.0,stem
hahYRP5-qrNJmMjv2Pr8rg.txt,1,276,14.53,36.96,82.25,44.93,10.87,7.61,3.62,1.09,0.0,1.45,2.9,0.72,0.0,11.59,0.0,2.54,13.41,10.14,1.81,3.62,0.0,0.0,10.87,0.0,0.0,2.17,11.96,6.52,5.07,0.36,0.36,0.36,19.57,3.26,3.26,1.81,3.62,1.09,0.72,7.61,1.81,2.9,0.72,1.09,0.36,1.81,0.72,1.09,0.0,0.0,18.84,2.54,9.78,3.99,3.26,10.87,0.0,0.0,0.0,1.45,0.0,0.0,0.0,1.45,19.93,6.88,11.59,0.36,0.0,0.0,0.0,1.09,0.0,0.0,0.0,0.0,stem
Mt1T1K6J7qB6T1eeL_es4g.txt,1,253,15.81,42.69,80.63,39.92,7.91,2.77,0.4,0.4,0.0,1.58,2.37,1.58,0.0,11.46,0.4,0.79,12.65,4.35,0.79,5.93,0.0,0.0,10.28,0.0,0.4,3.95,5.53,3.56,1.58,0.4,0.4,0.4,24.11,7.11,1.98,1.98,4.74,1.58,1.58,7.51,1.98,1.98,1.58,0.4,0.0,1.19,0.4,0.79,0.0,0.0,22.92,4.74,10.28,8.7,3.56,5.53,0.79,0.79,0.4,0.0,0.0,0.4,0.0,0.0,19.76,7.51,9.88,0.0,0.0,0.0,0.0,1.58,0.0,0.0,0.79,0.0,stem
MT9tFCYa9tr4Lpg7st_R3Q.txt,1,319,18.76,30.41,91.22,51.1,14.11,6.9,0.63,1.25,0.63,3.45,3.76,1.57,0.0,14.11,0.0,2.82,9.09,13.48,3.45,2.51,0.0,0.0,16.3,0.0,0.0,3.76,10.66,8.46,0.31,0.94,0.0,0.31,24.76,5.64,2.19,0.94,5.02,2.51,0.0,8.78,4.7,4.08,0.94,1.25,0.63,1.88,0.0,1.57,0.0,0.31,25.08,1.88,15.36,6.58,1.88,2.51,0.0,0.0,0.63,0.0,0.0,1.25,0.31,0.63,23.51,5.02,13.48,0.0,0.0,0.31,0.0,4.08,0.63,0.0,0.0,0.0,stem
777UKXKvVnb3_SNh80wbRQ.txt,1,521,12.4,30.33,79.46,47.22,12.09,7.68,3.07,0.38,1.92,2.3,2.88,1.54,0.19,14.01,0.0,1.54,14.01,9.79,2.5,2.88,0.77,0.19,9.79,0.0,0.0,0.96,9.4,8.45,0.77,0.38,0.19,0.19,22.65,2.3,2.88,2.11,2.5,2.3,0.19,13.63,1.73,2.3,1.54,0.58,0.19,0.77,0.38,0.0,0.19,0.38,23.61,2.88,15.16,4.61,2.5,2.88,0.96,0.19,0.38,0.96,0.0,0.19,0.0,1.15,27.83,6.33,16.7,0.77,0.0,1.54,0.58,0.77,1.15,0.0,0.0,0.0,stem
jopXOorO58VNVBVKTHo3_A.txt,1,299,18.69,36.12,82.94,46.15,8.36,5.02,1.67,1.67,0.0,1.67,2.01,1.34,0.0,13.04,0.0,2.68,12.37,9.36,2.34,5.35,0.67,0.0,9.7,0.33,0.33,3.34,9.36,7.36,2.01,0.33,0.33,1.0,28.09,7.36,2.01,1.34,5.35,5.35,0.67,9.03,1.34,1.0,0.33,0.33,0.33,1.34,0.0,0.67,0.33,0.33,29.1,4.35,15.38,7.02,1.0,1.67,1.0,0.0,0.0,0.0,0.67,0.0,0.0,0.67,23.41,5.35,13.38,0.0,0.0,0.0,0.0,2.68,2.01,0.0,0.0,0.0,stem
5mZR_aJv5uwoBtejxGErsA.txt,1,372,21.88,31.99,85.48,50.27,14.25,10.75,7.53,0.54,0.27,1.88,2.42,0.54,0.0,19.62,0.0,2.96,12.9,10.48,2.69,2.42,0.81,0.0,11.29,0.27,0.27,1.61,11.02,8.6,1.88,0.27,1.08,0.0,18.28,2.69,2.42,1.61,1.08,2.69,1.08,8.33,2.42,1.61,0.0,0.81,0.81,0.54,0.0,0.27,0.27,0.0,21.24,1.61,13.44,5.91,5.11,4.84,0.27,0.0,0.27,0.0,0.0,1.34,0.0,0.81,19.35,4.57,9.68,1.08,0.0,0.0,0.0,1.88,2.15,0.0,0.0,0.0,stem
CC7EXlMF81quQKI1pJmQqw.txt,1,360,17.14,31.94,86.67,48.06,16.67,12.78,6.11,2.22,0.0,4.17,1.67,1.11,0.0,15.56,0.0,4.17,12.5,9.72,1.94,2.78,0.83,0.0,11.94,0.0,0.56,0.56,11.94,6.67,4.72,1.11,0.0,2.22,25.0,6.11,3.89,2.78,3.33,1.67,1.11,6.94,2.22,4.44,1.11,1.94,1.11,2.78,0.28,2.22,0.0,0.28,22.22,2.22,12.5,6.94,2.5,3.61,0.0,0.28,0.0,0.28,0.0,0.0,0.0,2.5,22.5,5.83,13.06,0.56,0.0,0.28,0.0,1.11,1.67,0.0,0.0,0.0,stem
0DrbGdfzT2E5RylHk7ISdA.txt,1,282,14.84,34.04,87.59,55.67,10.28,4.26,3.19,0.0,0.0,0.35,4.26,0.71,0.0,14.54,0.0,3.19,14.18,11.7,2.84,6.74,1.42,0.0,5.32,0.71,1.06,0.0,9.93,8.16,1.06,0.71,0.35,0.0,27.66,6.03,3.9,0.35,3.19,4.61,0.71,9.57,2.84,1.42,0.71,0.0,0.71,2.13,0.35,0.0,0.35,1.42,28.37,4.96,18.09,2.13,1.42,1.77,0.0,0.35,0.0,0.0,0.0,0.71,0.0,1.06,27.66,6.74,13.83,0.0,0.0,0.0,0.0,0.71,6.38,0.0,0.0,0.0,stem
q6XlpVdvRxJzAvCb4--Nog.txt,1,394,20.74,30.96,86.8,49.49,15.48,10.15,5.33,0.51,0.25,3.55,3.3,1.02,0.0,16.5,0.0,1.52,13.96,11.93,1.52,1.27,0.51,0.0,15.74,0.51,0.0,4.31,7.61,6.35,0.51,0.51,0.0,0.25,25.89,7.11,2.54,1.02,4.31,2.79,1.02,9.64,1.27,1.78,1.02,0.76,0.0,1.02,0.25,0.51,0.0,0.25,19.54,3.3,11.17,5.58,2.03,4.82,0.25,0.0,0.76,0.0,0.0,0.0,0.0,0.51,19.54,4.57,11.68,0.0,0.0,0.0,0.25,2.54,0.0,0.0,0.51,0.0,stem
n8RSbMB84PYhaDg2XkbN7Q.txt,1,373,16.95,24.66,86.86,54.96,17.69,11.26,5.09,2.14,0.8,2.41,4.83,0.27,0.0,15.82,0.0,4.83,9.38,13.14,2.68,5.36,0.0,0.0,12.33,0.0,0.0,2.68,12.6,7.77,3.22,1.34,1.07,1.07,31.37,7.77,6.97,2.14,3.75,3.22,0.0,13.14,2.95,2.41,0.27,0.8,0.27,0.27,0.0,0.27,0.0,0.0,15.01,1.34,9.92,2.41,1.34,2.14,0.27,0.0,0.27,0.0,0.0,0.54,0.0,2.95,24.66,9.12,11.53,0.0,0.0,0.54,0.0,1.34,2.14,0.0,0.0,0.0,psy
D-dgIu8JtEOsu4wdVzbE4w.txt,1,19773,19773.0,23.69,0.0,0.0,0.0,0.0,0.0,0.0,0.0,0.0,0.0,0.0,0.0,0.0,0.0,0.0,0.0,0.0,0.0,0.0,0.0,0.0,0.0,0.0,0.0,0.0,0.0,0.0,0.0,0.0,0.0,0.0,0.0,0.0,0.0,0.0,0.0,0.0,0.0,0.0,0.0,0.0,0.0,0.0,0.0,0.0,0.0,0.0,0.0,0.0,0.0,0.0,0.0,0.0,0.0,0.0,0.0,0.0,0.0,0.0,0.0,0.0,0.0,0.0,235.96,0.23,45.24,45.53,0.0,0.05,0.1,2.47,106.33,0.0,0.02,35.99,psy
ZM26gGf0XOvK2Uva--H3hw.txt,1,299,5.98,23.41,82.61,52.84,16.39,11.04,4.68,3.68,0.67,2.01,3.34,0.67,0.33,20.74,0.0,2.68,7.36,12.04,6.69,4.68,0.0,0.0,17.06,0.0,1.34,2.68,15.05,12.71,0.33,0.67,0.0,0.0,21.4,4.01,3.34,0.67,1.0,3.34,0.0,8.36,3.01,0.67,0.33,0.33,0.0,4.68,0.33,0.33,4.01,0.0,16.05,2.01,10.37,1.67,0.67,2.01,0.0,0.0,0.33,0.0,0.0,0.33,0.0,1.34,30.1,15.72,9.36,0.0,0.0,1.0,0.0,3.34,0.67,0.0,0.0,0.0,psy
5v1qp0-oaIfwsQACMRX5qg.txt,1,17230,17230.0,23.54,0.0,0.0,0.0,0.0,0.0,0.0,0.0,0.0,0.0,0.0,0.0,0.0,0.0,0.0,0.0,0.0,0.0,0.0,0.0,0.0,0.0,0.0,0.0,0.0,0.0,0.0,0.0,0.0,0.0,0.0,0.0,0.0,0.0,0.0,0.0,0.0,0.0,0.0,0.0,0.0,0.0,0.0,0.0,0.0,0.0,0.0,0.0,0.0,0.0,0.0,0.0,0.0,0.0,0.0,0.0,0.0,0.0,0.0,0.0,0.0,0.0,0.0,234.47,0.17,45.07,45.19,0.0,0.0,0.0,2.47,105.72,0.0,0.0,35.85,psy
4DbBEotooonrR5E2zKiBgQ.txt,1,301,12.54,24.25,89.04,52.49,17.28,9.97,4.98,0.66,2.33,1.33,5.65,0.66,0.0,20.6,0.0,2.33,11.63,9.97,2.99,2.99,0.0,0.0,9.63,0.0,0.0,1.33,9.97,6.64,2.66,1.99,0.33,0.33,23.59,8.31,2.99,1.99,3.32,3.99,1.0,10.63,1.66,1.66,1.0,0.33,0.33,2.99,1.0,0.33,0.0,1.66,24.92,2.99,14.95,5.65,2.66,4.65,0.0,0.0,0.0,0.0,0.0,0.33,0.0,0.66,16.61,7.97,5.98,0.33,0.0,0.0,0.0,2.33,0.0,0.0,0.0,0.0,psy
_z65Tje_TD0aL9QOqcKpPQ.txt,1,18749,18749.0,23.78,0.0,0.0,0.0,0.0,0.0,0.0,0.0,0.0,0.0,0.0,0.0,0.0,0.0,0.0,0.0,0.0,0.0,0.0,0.0,0.0,0.0,0.0,0.0,0.0,0.0,0.0,0.0,0.0,0.0,0.0,0.0,0.0,0.0,0.0,0.0,0.0,0.0,0.0,0.0,0.0,0.0,0.0,0.0,0.0,0.0,0.0,0.0,0.0,0.0,0.0,0.0,0.0,0.0,0.0,0.0,0.0,0.0,0.0,0.0,0.0,0.0,0.0,234.14,0.16,45.14,45.26,0.0,0.0,0.0,2.44,105.68,0.0,0.02,35.44,psy
vhvC_jmt86uOaF6mcXyYXw.txt,1,528,18.21,33.33,85.8,47.35,11.93,7.01,1.89,1.89,0.0,2.46,3.79,0.76,0.0,12.69,0.0,1.89,9.85,10.61,3.41,3.98,1.33,0.0,15.34,0.76,0.57,4.17,10.42,6.44,2.27,0.57,1.14,0.19,22.92,4.36,1.89,1.33,3.03,2.84,1.52,10.04,3.41,1.89,0.76,0.57,0.38,2.84,1.33,0.57,0.76,0.19,18.94,1.52,11.36,4.36,2.84,4.36,1.33,0.19,0.38,0.0,0.19,0.0,0.0,0.38,21.78,5.49,13.45,0.38,0.0,0.19,0.19,1.33,0.38,0.0,0.38,0.0,psy
Ld_tPDtJSkenIEKr5x9EfA.txt,1,296,24.67,27.36,83.45,53.04,17.23,12.16,2.7,5.41,0.0,2.7,4.39,0.68,0.34,13.51,0.0,4.05,11.49,9.8,1.01,4.05,0.0,0.34,14.53,0.0,0.0,1.69,8.45,5.41,2.7,0.34,0.68,0.68,24.66,5.41,2.7,1.69,3.04,4.05,0.68,7.77,3.72,3.72,1.69,0.68,1.35,1.69,0.34,1.35,0.0,0.0,22.97,2.7,16.22,1.69,1.35,1.01,0.34,0.0,0.0,0.34,0.0,1.69,0.0,1.35,24.32,5.41,7.77,0.34,0.0,0.68,0.0,0.68,7.43,0.0,2.03,0.0,psy
Mk9w1QxVEItDMRu0ZsNxTQ.txt,1,22681,22681.0,23.55,0.0,0.0,0.0,0.0,0.0,0.0,0.0,0.0,0.0,0.0,0.0,0.0,0.0,0.0,0.0,0.0,0.0,0.0,0.0,0.0,0.0,0.0,0.0,0.0,0.0,0.0,0.0,0.0,0.0,0.0,0.0,0.0,0.0,0.0,0.0,0.0,0.0,0.0,0.0,0.0,0.0,0.0,0.0,0.0,0.0,0.0,0.0,0.0,0.0,0.0,0.0,0.0,0.0,0.0,0.0,0.0,0.0,0.0,0.0,0.0,0.0,0.0,235.28,0.21,45.16,45.32,0.0,0.02,0.0,2.61,106.1,0.0,0.0,35.85,psy
x3jlm4nW6zJ9eSAnbNG4Xw.txt,1,19261,19261.0,23.49,0.0,0.0,0.0,0.0,0.0,0.0,0.0,0.0,0.0,0.0,0.0,0.0,0.0,0.0,0.0,0.0,0.0,0.0,0.0,0.0,0.0,0.0,0.0,0.0,0.0,0.0,0.0,0.0,0.0,0.0,0.0,0.0,0.0,0.0,0.0,0.0,0.0,0.0,0.0,0.0,0.0,0.0,0.0,0.0,0.0,0.0,0.0,0.0,0.0,0.0,0.0,0.0,0.0,0.0,0.0,0.0,0.0,0.0,0.0,0.0,0.0,0.0,232.87,0.22,44.46,44.82,0.0,0.01,0.0,2.38,104.57,0.0,0.0,36.4,psy
qOBmTHekd9enMZKj1DH2gQ.txt,1,351,19.5,30.48,85.75,51.0,16.81,8.26,4.84,1.14,0.0,2.28,5.13,0.85,0.0,17.38,0.0,1.14,7.69,13.11,3.13,3.42,1.14,0.28,8.26,0.0,0.0,1.99,7.98,6.55,1.14,0.28,0.57,0.0,27.92,9.4,3.13,1.14,3.99,3.13,0.0,8.83,2.85,1.71,1.42,0.0,0.0,2.28,0.57,0.85,0.0,0.85,17.66,2.56,11.68,3.42,3.13,2.85,0.0,0.0,0.28,0.28,0.0,1.14,1.14,0.85,20.8,5.13,12.82,0.0,0.0,0.0,0.0,1.71,0.57,0.0,0.57,0.0,psy
EaZvbLz_PWmz7Y53rGck3Q.txt,1,19940,19940.0,24.26,0.0,0.0,0.0,0.0,0.0,0.0,0.0,0.0,0.0,0.0,0.0,0.0,0.0,0.0,0.0,0.0,0.0,0.0,0.0,0.0,0.0,0.0,0.0,0.0,0.0,0.0,0.0,0.0,0.0,0.0,0.0,0.0,0.0,0.0,0.0,0.0,0.0,0.0,0.0,0.0,0.0,0.0,0.0,0.0,0.0,0.0,0.0,0.0,0.0,0.0,0.0,0.0,0.0,0.0,0.0,0.0,0.0,0.0,0.0,0.0,0.0,0.0,237.44,0.27,45.82,46.17,0.0,0.05,0.0,2.53,107.67,0.0,0.0,34.92,psy
kGvwAqcNJ665OYG4S0NTHQ.txt,1,18658,18658.0,23.36,0.0,0.0,0.0,0.0,0.0,0.0,0.0,0.0,0.0,0.0,0.0,0.0,0.0,0.0,0.0,0.0,0.0,0.0,0.0,0.0,0.0,0.0,0.0,0.0,0.0,0.0,0.0,0.0,0.0,0.0,0.0,0.0,0.0,0.0,0.0,0.0,0.0,0.0,0.0,0.0,0.0,0.0,0.0,0.0,0.0,0.0,0.0,0.0,0.0,0.0,0.0,0.0,0.0,0.0,0.0,0.0,0.0,0.0,0.0,0.0,0.0,0.0,233.74,0.25,44.57,44.88,0.0,0.0,0.0,2.58,104.83,0.0,0.0,36.63,psy
uFRKNFspc6uNWFi3mlpuUA.txt,1,301,27.36,35.22,87.71,50.5,14.62,10.3,3.99,3.32,0.0,1.66,3.99,1.66,0.0,19.27,0.0,1.99,7.64,11.63,4.98,4.98,0.33,0.0,13.29,0.0,1.99,2.33,13.95,9.3,3.32,0.0,2.66,0.0,25.58,6.98,1.99,2.66,2.66,3.65,1.0,8.31,4.98,1.66,0.0,1.33,0.33,0.66,0.0,0.66,0.0,0.0,15.95,3.65,9.63,1.66,2.99,2.33,0.33,0.0,1.0,0.0,1.0,0.33,0.0,0.66,23.92,3.65,18.6,0.0,0.0,0.0,0.0,1.0,0.66,0.0,0.0,0.0,psy
NARxcbuL2s7nX4HcbqUg2w.txt,1,313,20.87,33.87,86.58,52.4,14.7,10.86,0.0,2.88,2.24,4.79,2.56,0.96,0.0,11.18,0.0,3.19,15.02,10.22,1.28,3.83,0.32,0.0,19.81,0.0,1.28,3.83,7.99,7.03,0.96,0.0,0.32,0.64,30.03,4.79,2.24,1.92,1.92,4.47,2.56,12.78,2.88,1.6,0.0,0.64,0.32,2.24,0.0,1.92,0.0,0.32,21.09,3.83,11.82,3.83,0.96,2.88,0.0,0.0,0.0,0.0,0.0,0.32,0.0,0.64,15.65,4.79,10.22,0.0,0.0,0.0,0.0,0.64,0.0,0.0,0.0,0.0,psy
FdTKp7GezX_QIUhlTZh64g.txt,1,333,6.66,20.42,89.19,64.56,20.72,14.11,6.91,1.2,0.0,4.8,3.0,2.4,0.0,18.32,0.0,1.8,10.81,9.61,2.4,8.71,1.2,0.0,13.81,0.0,0.0,1.8,3.9,3.3,0.0,0.6,0.0,0.0,27.63,6.91,2.7,0.6,2.4,4.5,0.0,8.11,2.7,2.1,0.6,1.2,0.0,1.2,0.0,0.0,0.0,1.2,16.82,1.5,10.21,2.1,1.2,1.5,0.0,0.0,0.0,0.0,0.0,1.5,2.1,1.8,36.04,8.41,9.61,0.0,0.6,6.31,0.3,4.2,6.61,0.0,0.0,0.0,psy
Rlb999bC-A7AKEWUhUVZvA.txt,1,356,25.43,21.63,89.89,59.83,17.98,10.39,4.78,1.97,0.56,1.69,4.78,1.97,0.0,15.17,0.0,2.81,11.52,10.96,3.09,7.3,0.56,0.56,14.33,0.0,0.56,1.97,11.8,9.55,1.69,0.28,0.84,0.0,29.49,6.18,3.09,1.12,2.81,8.15,0.28,10.96,1.69,1.97,1.4,0.28,0.28,1.97,0.56,0.56,0.0,0.84,21.07,1.97,14.04,1.4,2.25,3.37,0.0,0.0,0.0,0.0,0.0,1.69,0.0,0.84,25.0,3.93,15.17,0.28,0.0,0.0,0.0,3.93,1.69,0.0,0.0,0.0,psy
lRbVhT-d_VDV6EjvYorBQg.txt,1,317,16.68,29.65,82.65,49.84,12.93,5.68,0.63,2.52,0.63,0.95,5.36,1.89,0.0,11.99,0.0,2.21,13.25,11.67,4.73,3.47,0.63,0.0,10.09,0.0,0.0,2.21,9.78,6.31,3.15,0.63,1.58,0.32,22.4,3.79,3.15,0.95,2.21,3.47,0.95,9.78,2.84,1.58,0.95,0.0,0.32,2.21,1.26,0.32,0.32,0.32,21.45,4.1,12.62,3.79,1.58,3.79,0.95,0.0,1.89,0.95,0.63,1.26,0.32,0.95,21.77,5.99,13.56,0.32,0.32,0.0,0.0,1.58,0.0,0.0,0.0,0.0,psy
m8aMVlmAYgViZpuWA83NjQ.txt,1,333,7.74,20.12,87.69,58.56,19.52,14.41,10.81,0.0,0.0,1.5,4.5,0.3,0.0,22.52,0.3,5.11,6.91,17.72,5.41,2.7,0.3,0.3,8.41,0.0,0.6,0.9,11.71,10.81,0.3,0.0,0.3,0.0,26.13,5.11,5.41,0.9,5.71,1.5,0.0,6.91,2.4,2.7,1.2,1.2,0.3,2.1,0.0,0.0,1.5,0.6,18.02,0.3,9.61,4.5,1.2,0.9,0.6,0.0,0.0,0.6,0.0,0.3,0.0,4.8,35.14,11.71,14.41,0.3,0.0,1.2,0.0,5.71,1.8,0.0,0.0,0.0,psy
0lOZXhLv9Ei4GGIoIN0scA.txt,1,325,10.83,23.38,86.46,52.62,11.38,6.15,1.54,0.62,2.15,1.85,2.15,1.85,0.31,16.92,0.0,2.15,12.31,13.54,4.62,2.15,0.62,0.0,12.31,0.0,0.62,2.46,9.23,5.54,2.46,1.54,0.31,1.85,26.77,8.62,2.15,1.85,6.15,2.77,1.54,8.92,3.08,2.15,0.0,0.92,1.23,1.85,0.62,1.23,0.0,0.0,19.38,2.46,9.54,6.77,1.23,2.15,0.0,0.0,0.0,0.0,0.0,0.92,0.0,0.62,29.85,8.0,16.62,0.0,0.0,0.62,0.62,2.15,1.23,0.31,0.31,0.0,psy
llI2PK_VXWeK47Aei3EM8Q.txt,1,293,26.64,29.35,84.64,52.9,12.63,10.58,6.83,0.68,0.34,2.39,1.02,0.0,0.0,17.41,0.0,4.1,10.58,14.33,2.39,5.12,0.34,0.0,13.99,0.34,2.73,2.39,10.92,8.87,1.02,0.0,0.34,0.0,26.96,4.1,2.05,2.39,2.05,3.41,1.02,9.9,4.1,1.02,0.0,1.02,0.0,1.02,0.0,0.68,0.0,0.34,18.43,2.05,11.95,4.44,2.05,3.07,0.34,0.0,0.34,0.0,0.0,1.02,0.34,1.71,23.21,4.78,17.06,0.68,0.0,0.0,0.0,0.0,0.68,0.0,0.0,0.0,psy
2Zy4RdstIUirINaaLdPrNQ.txt,1,279,10.73,31.9,85.66,49.1,18.64,11.47,6.81,2.15,0.0,1.79,4.3,0.72,0.0,19.35,0.0,3.94,6.81,8.96,0.72,6.45,0.0,0.0,11.83,0.0,0.72,3.94,10.04,7.89,0.72,0.36,0.72,0.0,24.37,5.38,1.08,2.87,4.3,2.87,1.08,11.11,2.15,0.72,0.72,0.0,0.0,2.51,0.36,0.36,1.43,0.72,22.58,2.87,13.26,4.66,2.87,1.43,0.72,0.0,0.72,0.0,0.0,0.72,0.0,0.36,20.79,9.68,9.32,0.0,0.0,0.0,0.0,1.79,0.0,0.0,0.0,0.0,psy
k8zoOvICpJa2KmA4VkLXAQ.txt,1,19690,19690.0,23.07,0.0,0.0,0.0,0.0,0.0,0.0,0.0,0.0,0.0,0.0,0.0,0.0,0.0,0.0,0.0,0.0,0.0,0.0,0.0,0.0,0.0,0.0,0.0,0.0,0.0,0.0,0.0,0.0,0.0,0.0,0.0,0.0,0.0,0.0,0.0,0.0,0.0,0.0,0.0,0.0,0.0,0.0,0.0,0.0,0.0,0.0,0.0,0.0,0.0,0.0,0.0,0.0,0.0,0.0,0.0,0.0,0.0,0.0,0.0,0.0,0.0,0.0,232.3,0.24,44.25,44.41,0.0,0.0,0.0,2.51,103.82,0.0,0.0,37.06,psy
mc8B_wIe0nepCXSH7KxcQA.txt,1,309,14.05,22.98,87.38,60.19,16.5,10.36,4.21,4.21,0.0,1.62,2.59,1.29,0.0,18.45,0.0,4.85,13.59,10.36,5.18,4.53,0.32,0.0,13.27,0.32,1.29,1.29,9.39,8.41,0.97,0.0,0.0,0.32,25.89,6.15,3.88,0.32,4.21,2.27,0.32,11.65,3.24,1.94,0.0,1.94,0.0,1.29,0.0,0.65,0.32,0.32,21.04,1.62,14.89,2.59,0.97,1.94,0.65,0.97,0.32,0.0,0.0,0.0,0.0,0.65,27.18,7.12,15.53,0.32,0.0,0.32,0.65,1.29,1.29,0.0,0.65,0.0,psy
um17dPIXBknqN0psGNJTsg.txt,1,289,17.0,31.14,87.54,49.48,13.15,10.73,5.54,1.73,0.0,2.77,2.42,0.35,0.0,14.88,0.0,1.73,16.96,6.92,1.38,4.84,1.04,0.0,13.49,0.0,0.35,4.5,9.34,8.65,0.69,0.0,0.35,0.0,20.76,5.88,4.15,0.69,1.73,3.81,0.0,6.23,0.35,2.77,1.38,0.69,0.35,1.38,0.0,1.04,0.0,0.35,25.95,4.5,12.11,9.0,1.73,1.38,0.35,0.0,0.35,0.0,0.0,1.04,0.0,1.04,18.69,5.54,10.38,0.0,0.0,0.35,0.0,2.42,0.0,0.0,0.0,0.0,psy
x9fTqRqlhBput13wxe3M4A.txt,1,17032,17032.0,23.22,0.0,0.0,0.0,0.0,0.0,0.0,0.0,0.0,0.0,0.0,0.0,0.0,0.0,0.0,0.0,0.0,0.0,0.0,0.0,0.0,0.0,0.0,0.0,0.0,0.0,0.0,0.0,0.0,0.0,0.0,0.0,0.0,0.0,0.0,0.0,0.0,0.0,0.0,0.0,0.0,0.0,0.0,0.0,0.0,0.0,0.0,0.0,0.0,0.0,0.0,0.0,0.0,0.0,0.0,0.0,0.0,0.0,0.0,0.0,0.0,0.0,0.0,235.78,0.29,44.79,45.13,0.0,0.07,0.0,2.57,105.7,0.0,0.0,37.23,psy
gVCA4aNOnBHD2hfhZGyJPg.txt,1,278,13.9,33.09,87.77,46.4,11.87,8.27,2.52,2.16,0.0,3.6,1.08,1.44,0.72,12.23,0.36,2.16,13.67,8.27,2.16,4.32,0.36,0.0,14.75,0.0,0.0,3.96,6.83,4.68,1.44,0.72,0.72,0.36,29.14,6.47,3.24,2.52,5.04,4.68,1.8,7.55,1.8,1.8,0.36,1.44,0.0,2.52,0.0,2.16,0.0,0.36,21.94,2.52,14.03,3.6,3.24,4.32,0.36,0.0,0.0,0.0,0.36,0.72,0.36,1.08,18.71,6.47,8.99,1.08,0.0,0.72,0.0,1.44,0.0,0.0,0.0,0.0,psy
lxw_ZpfMq1y4ZyU45L1Q_w.txt,1,439,12.54,28.93,85.65,52.16,15.03,8.66,0.91,5.69,0.0,1.14,4.78,1.14,0.0,14.35,0.0,4.1,11.85,11.62,3.19,3.42,0.23,0.0,12.98,0.0,0.0,0.68,11.16,8.66,1.82,0.68,0.0,1.14,33.49,7.06,5.01,2.73,4.1,4.78,0.23,12.76,3.19,1.59,0.68,0.68,0.23,0.68,0.46,0.0,0.0,0.23,18.45,1.59,11.16,5.47,1.59,3.64,0.0,0.0,0.68,0.0,0.46,0.68,0.0,1.82,22.1,10.02,10.02,0.0,0.0,0.46,0.0,1.14,0.46,0.0,0.0,0.0,psy
NfcRHN-bICfETaCggZT0KA.txt,1,432,10.29,27.31,88.89,53.01,18.75,11.57,3.7,2.31,0.46,4.86,4.17,2.55,0.0,15.05,0.0,2.55,11.34,9.26,1.39,3.47,1.62,0.0,19.68,0.93,1.62,4.4,9.95,7.87,1.39,0.23,0.23,0.23,23.38,5.79,1.85,2.08,2.31,3.24,2.08,10.19,1.85,2.08,0.0,1.39,0.46,1.62,0.0,0.93,0.23,0.46,21.3,3.7,14.12,2.31,3.01,3.01,0.0,0.0,0.23,0.0,0.0,0.69,0.0,1.39,28.7,9.03,11.57,1.39,0.0,1.39,0.23,1.85,3.24,0.0,0.0,0.0,psy
rPgCNuBJw-nkh2LxPrYykQ.txt,1,309,14.05,31.39,85.44,50.16,17.8,10.68,3.24,1.62,0.65,1.29,6.15,2.27,0.32,11.97,0.0,2.27,13.27,11.65,1.94,2.27,0.32,0.0,12.3,0.0,0.32,2.27,13.27,5.83,4.53,0.32,0.65,0.65,27.18,5.5,3.24,1.94,1.29,1.62,1.62,11.0,2.27,1.29,0.0,0.32,0.65,3.56,0.65,2.27,0.0,0.97,19.42,0.32,13.59,3.88,3.56,4.53,0.0,0.0,0.0,0.0,0.32,0.32,0.32,1.94,15.21,6.8,7.12,0.0,0.0,0.32,0.0,0.32,0.65,0.0,0.0,0.0,psy
Cv3wUDsl1O3yMHrAW0iM7w.txt,1,360,16.36,25.83,86.94,56.67,16.39,7.78,2.22,0.56,2.5,2.22,4.17,1.94,1.39,18.06,0.0,3.61,9.17,13.06,1.94,4.44,0.28,0.0,15.56,0.0,0.28,2.22,8.33,6.11,1.39,0.28,0.83,0.0,27.5,8.06,1.67,1.39,3.33,2.22,0.83,11.94,2.78,0.83,0.0,0.83,0.0,1.39,0.0,0.0,0.56,0.83,18.89,1.67,11.67,2.78,2.22,1.11,0.56,0.0,0.0,0.0,0.0,0.0,0.28,1.11,24.44,6.67,13.06,0.0,0.0,0.56,0.0,1.67,2.22,0.0,0.0,0.28,psy
42EEYSdBjQBIMz38JK7yYw.txt,1,21757,21757.0,24.28,0.0,0.0,0.0,0.0,0.0,0.0,0.0,0.0,0.0,0.0,0.0,0.0,0.0,0.0,0.0,0.0,0.0,0.0,0.0,0.0,0.0,0.0,0.0,0.0,0.0,0.0,0.0,0.0,0.0,0.0,0.0,0.0,0.0,0.0,0.0,0.0,0.0,0.0,0.0,0.0,0.0,0.0,0.0,0.0,0.0,0.0,0.0,0.0,0.0,0.0,0.0,0.0,0.0,0.0,0.0,0.0,0.0,0.0,0.0,0.0,0.0,0.0,238.89,0.31,46.22,46.55,0.0,0.01,0.0,2.66,108.72,0.0,0.0,34.43,psy
ryzkQ2is6CE-FurumaRYWQ.txt,1,307,9.9,26.71,91.21,57.98,18.89,11.4,4.89,1.63,0.0,3.58,4.56,2.28,0.0,17.59,0.0,4.89,11.73,8.47,1.3,3.91,0.0,0.0,12.05,0.0,0.98,1.3,14.66,13.36,0.98,0.0,0.65,0.0,17.92,3.58,0.65,0.98,2.93,1.63,0.98,11.4,2.28,1.63,0.98,0.0,0.33,1.63,0.0,0.33,0.0,1.3,25.08,0.65,16.29,0.98,1.95,3.91,0.65,0.33,0.65,0.0,0.33,0.33,0.0,0.33,30.94,9.12,12.05,0.0,0.0,0.65,0.65,3.26,3.91,0.0,1.3,0.0,psy
-eSiOqunYdKjuDcITnsXzg.txt,1,281,14.79,28.11,80.07,46.26,9.61,5.34,0.36,2.14,0.0,2.85,1.78,1.42,0.0,10.32,0.0,2.49,10.32,11.39,2.49,6.05,0.71,0.0,12.46,0.0,0.0,4.27,10.68,7.83,2.85,0.36,1.07,0.71,25.98,3.91,2.49,3.2,2.49,5.69,2.14,9.25,2.85,1.78,0.0,1.07,0.36,2.14,0.0,0.71,0.71,0.71,21.35,1.42,16.01,3.2,4.63,5.34,0.36,0.0,0.36,0.0,0.36,0.36,0.0,1.42,25.27,8.54,12.1,1.42,0.0,0.0,0.0,1.78,1.42,0.0,0.0,0.0,psy
36J-M-bSg7aao8xP-lskZg.txt,1,447,11.46,23.94,78.97,51.68,12.98,8.05,2.91,0.0,0.0,4.03,4.03,0.45,0.0,13.42,0.0,2.68,14.09,11.19,3.8,2.46,0.67,0.0,8.05,0.0,0.0,0.22,5.37,4.03,0.67,0.22,0.45,0.0,21.03,2.46,1.79,1.57,3.58,1.57,0.0,10.29,4.25,4.25,1.34,1.12,0.89,1.79,0.67,0.22,0.22,0.67,22.82,1.12,14.54,6.04,0.89,1.57,2.46,0.22,0.0,0.45,0.22,0.89,0.22,0.89,23.04,9.4,11.63,0.0,0.0,0.0,0.0,0.67,1.34,0.0,0.0,0.0,psy
NNVGjuFlcKnKmum3eX-WfA.txt,1,270,15.0,31.85,87.78,50.37,15.56,8.52,0.0,5.56,0.0,2.59,3.7,1.11,0.0,15.19,0.0,2.59,9.26,11.11,2.96,5.19,0.74,0.0,17.41,0.0,0.74,2.96,15.93,13.7,1.48,0.0,0.0,0.74,30.37,5.56,4.07,1.85,2.96,5.19,1.85,12.22,2.96,2.59,0.74,0.0,1.85,2.59,0.0,1.48,1.11,0.0,16.67,1.85,12.22,1.85,1.85,2.96,0.74,0.37,1.11,0.0,0.0,0.37,0.0,1.85,26.67,5.93,17.04,0.74,0.0,0.37,1.11,1.48,0.0,0.0,0.0,0.0,psy
5YJNKOCojw4im_X1YgwBgg.txt,1,518,21.58,26.64,85.33,51.35,14.48,7.34,2.9,1.54,0.39,1.93,4.05,1.35,0.0,12.16,0.0,2.7,14.48,10.23,1.35,4.05,0.58,0.19,8.3,0.0,0.0,2.7,7.14,4.05,2.7,0.77,0.77,0.39,24.9,5.6,2.7,1.93,4.05,3.28,0.39,7.92,3.28,2.12,0.97,0.97,0.19,1.93,0.77,0.58,0.0,0.58,21.62,2.32,13.71,5.02,2.9,2.51,0.39,0.39,0.19,0.0,0.0,0.19,0.58,0.77,20.27,4.25,11.58,0.19,0.0,0.19,0.19,1.93,1.93,0.0,0.0,0.0,psy
VposEm4QNbW29o-h4FkSDw.txt,1,383,16.65,34.73,83.81,49.09,11.75,8.88,7.57,0.0,0.26,1.04,1.31,0.78,0.0,19.32,0.0,2.35,14.36,10.7,2.35,2.87,1.57,0.0,4.18,0.0,0.0,0.26,8.36,5.74,3.13,0.52,0.26,1.57,24.28,6.01,1.31,0.78,2.61,3.39,1.31,8.62,2.09,2.35,1.31,0.52,0.78,2.87,0.52,2.09,0.0,0.26,23.5,2.61,10.97,9.4,4.96,3.92,1.57,0.52,0.52,0.0,0.52,0.52,0.26,0.78,21.93,6.01,14.1,0.0,0.0,0.0,0.0,1.31,0.52,0.0,0.0,0.0,psy
uDzF4OJNPpF2R2vyB2wpFA.txt,1,305,10.89,30.16,81.31,50.49,14.1,8.2,1.64,0.0,0.33,1.64,7.54,1.31,0.98,15.74,0.0,3.28,9.18,10.49,4.26,3.61,0.66,0.0,11.15,0.0,0.0,1.97,9.18,3.61,4.59,0.66,3.61,0.98,24.59,3.28,4.59,1.97,4.92,2.62,0.33,8.52,2.95,0.98,0.33,0.66,0.0,2.3,0.0,1.31,0.66,0.33,16.72,3.61,7.54,4.26,1.97,3.28,0.33,0.0,0.0,1.64,0.0,0.98,0.0,1.64,22.62,9.51,8.85,0.0,0.0,0.33,0.0,3.28,0.66,0.0,0.0,0.0,psy
b_qh6Vy9PRsWTtrebqwToA.txt,1,311,11.96,28.62,85.53,52.73,17.04,10.93,4.5,1.29,0.0,3.54,6.11,1.29,0.0,14.47,0.0,2.25,13.5,8.04,1.61,4.5,2.57,0.0,13.83,0.32,0.32,2.57,10.29,8.68,1.29,0.32,0.64,0.32,26.37,5.79,3.86,0.96,3.54,3.54,0.0,10.29,2.89,2.25,0.64,0.96,0.32,2.57,0.0,0.96,0.0,1.61,19.61,2.25,11.58,3.86,0.96,1.93,0.64,0.32,0.32,0.32,0.0,0.96,0.32,0.0,26.05,8.36,12.86,0.64,0.0,0.0,0.0,1.61,2.57,0.0,0.0,0.0,psy
aWLtFc9LXrvh3ml8YObm0A.txt,1,319,16.79,23.82,87.46,56.11,17.24,12.23,7.84,0.63,0.0,1.57,4.39,0.94,0.31,17.87,0.0,2.51,15.36,11.91,1.57,3.45,1.25,0.0,10.34,0.0,0.94,1.57,9.72,7.84,0.94,1.25,0.0,0.31,23.51,4.39,2.19,1.88,2.19,2.82,0.63,10.34,1.88,1.88,1.25,0.0,0.31,2.82,0.63,1.25,0.63,0.31,21.0,0.63,11.29,7.21,1.57,1.57,0.0,0.0,0.0,0.0,0.0,0.63,0.0,0.63,20.69,7.84,11.6,0.0,0.0,0.0,0.0,1.25,0.0,0.0,0.0,0.0,psy
GrekuqYp3g1jnmGsz9tIpw.txt,1,282,14.84,35.11,86.17,52.13,18.44,13.83,9.57,0.35,0.0,3.55,2.13,1.77,0.0,21.99,0.0,5.67,9.93,10.64,2.48,2.84,0.35,0.0,9.57,0.0,0.35,1.06,7.45,4.96,1.42,0.35,0.35,0.0,28.01,8.16,2.84,2.13,2.13,3.55,1.06,8.87,2.48,2.84,1.42,0.35,0.35,0.71,0.0,0.35,0.35,0.0,22.34,1.77,13.83,5.32,0.71,3.19,0.35,0.0,0.0,0.0,0.0,0.35,0.0,1.42,23.05,6.74,14.18,0.0,0.0,0.0,0.0,1.42,0.71,0.0,0.0,0.0,psy
EFpDEEUcgGIizbFhySSMmA.txt,1,34305,34305.0,23.5,0.0,0.0,0.0,0.0,0.0,0.0,0.0,0.0,0.0,0.0,0.0,0.0,0.0,0.0,0.0,0.0,0.0,0.0,0.0,0.0,0.0,0.0,0.0,0.0,0.0,0.0,0.0,0.0,0.0,0.0,0.0,0.0,0.0,0.0,0.0,0.0,0.0,0.0,0.0,0.0,0.0,0.0,0.0,0.0,0.0,0.0,0.0,0.0,0.0,0.0,0.0,0.0,0.0,0.0,0.0,0.0,0.0,0.0,0.0,0.0,0.0,0.0,233.81,0.16,44.87,44.99,0.0,0.01,0.01,2.59,105.13,0.0,0.01,36.05,psy
X2kmgG70D8M0IbwtHG33gQ.txt,1,18280,18280.0,23.59,0.0,0.0,0.0,0.0,0.0,0.0,0.0,0.0,0.0,0.0,0.0,0.0,0.0,0.0,0.0,0.0,0.0,0.0,0.0,0.0,0.0,0.0,0.0,0.0,0.0,0.0,0.0,0.0,0.0,0.0,0.0,0.0,0.0,0.0,0.0,0.0,0.0,0.0,0.0,0.0,0.0,0.0,0.0,0.0,0.0,0.0,0.0,0.0,0.0,0.0,0.0,0.0,0.0,0.0,0.0,0.0,0.0,0.0,0.0,0.0,0.0,0.0,235.24,0.26,45.02,45.44,0.0,0.0,0.0,2.52,106.18,0.0,0.0,35.82,psy
Zcof6rLwkaSpUHd1gzuTJA.txt,1,22052,22052.0,23.37,0.0,0.0,0.0,0.0,0.0,0.0,0.0,0.0,0.0,0.0,0.0,0.0,0.0,0.0,0.0,0.0,0.0,0.0,0.0,0.0,0.0,0.0,0.0,0.0,0.0,0.0,0.0,0.0,0.0,0.0,0.0,0.0,0.0,0.0,0.0,0.0,0.0,0.0,0.0,0.0,0.0,0.0,0.0,0.0,0.0,0.0,0.0,0.0,0.0,0.0,0.0,0.0,0.0,0.0,0.0,0.0,0.0,0.0,0.0,0.0,0.0,0.0,233.3,0.15,44.93,44.88,0.0,0.0,0.0,2.52,104.94,0.0,0.0,35.87,psy
7eU34Av-PLjidm1Di6jN-A.txt,1,285,8.14,36.14,82.11,45.61,17.89,11.58,2.81,2.81,0.0,4.56,5.61,2.11,0.0,13.68,0.0,1.4,8.77,8.77,2.81,3.16,0.0,0.0,14.74,0.0,0.0,2.81,12.63,9.12,3.16,0.35,2.11,0.0,23.51,5.26,2.81,0.35,2.46,2.81,0.0,10.53,3.51,2.46,0.7,0.35,1.05,2.81,0.7,0.35,0.35,1.4,19.3,1.75,12.28,3.16,1.05,3.51,0.0,0.0,0.0,0.0,0.0,0.7,0.0,1.05,27.37,12.28,12.98,0.0,0.0,0.35,0.0,1.75,0.0,0.0,0.0,0.0,psy
1fnQ_4H4Y4pw5wXWqCvHAw.txt,1,298,15.68,42.62,81.21,40.6,11.41,6.38,0.34,0.67,0.0,5.03,1.68,1.01,0.0,10.07,0.0,2.35,12.08,7.05,3.36,3.02,0.34,0.0,17.45,0.34,0.34,8.05,10.4,4.7,4.7,2.68,1.34,0.67,25.5,4.36,3.36,2.68,4.36,3.69,1.01,7.05,2.01,1.68,0.0,1.34,0.34,1.01,0.34,0.67,0.0,0.0,18.46,2.68,13.09,3.02,4.36,4.7,1.01,0.34,0.34,0.0,0.0,0.34,0.0,2.01,27.52,8.05,13.76,0.67,0.0,0.0,0.0,1.68,3.36,0.0,0.0,0.0,psy
mrwt0VZq-o3qFaRMXpCH7g.txt,1,556,10.3,37.41,82.55,44.96,10.61,6.12,0.18,1.8,0.18,3.42,2.7,0.72,0.18,13.31,0.0,1.98,9.89,12.05,2.16,4.14,0.18,0.0,11.15,0.0,0.0,2.34,10.61,8.99,1.62,0.36,0.36,0.36,26.26,3.24,4.68,2.16,3.96,3.6,0.18,10.79,3.78,1.8,1.26,0.18,0.18,2.7,0.36,1.98,0.18,0.18,19.24,4.5,9.71,3.96,4.5,6.12,0.54,0.18,0.36,0.54,0.0,0.9,0.18,0.54,25.72,8.09,13.85,0.36,0.0,1.08,0.9,0.72,0.36,0.0,0.36,0.0,psy
0XolALRuVJk75PtShUMVfQ.txt,1,18607,18607.0,23.55,0.0,0.0,0.0,0.0,0.0,0.0,0.0,0.0,0.0,0.0,0.0,0.0,0.0,0.0,0.0,0.0,0.0,0.0,0.0,0.0,0.0,0.0,0.0,0.0,0.0,0.0,0.0,0.0,0.0,0.0,0.0,0.0,0.0,0.0,0.0,0.0,0.0,0.0,0.0,0.0,0.0,0.0,0.0,0.0,0.0,0.0,0.0,0.0,0.0,0.0,0.0,0.0,0.0,0.0,0.0,0.0,0.0,0.0,0.0,0.0,0.0,0.0,234.92,0.26,45.06,45.31,0.0,0.0,0.0,2.6,105.84,0.0,0.0,35.85,psy
p261t6oAx1cL9B400s__rw.txt,1,298,27.09,28.19,88.26,53.02,16.11,9.4,0.67,3.36,1.01,4.36,5.03,0.34,0.0,11.74,0.0,3.36,11.07,12.42,1.01,5.7,0.34,0.0,17.45,0.0,0.0,4.36,11.74,8.05,1.68,0.67,0.0,0.34,32.55,12.08,3.69,1.34,4.03,3.02,0.34,16.44,1.68,2.68,0.67,0.67,1.34,0.34,0.34,0.0,0.0,0.0,16.44,1.01,10.4,3.02,2.01,4.36,0.0,0.0,0.0,0.0,0.0,0.34,0.0,2.01,12.42,3.36,8.39,0.0,0.0,0.0,0.0,0.67,0.0,0.0,0.0,0.0,psy
EE7Nikvqmg-bU3u_umdIUA.txt,1,338,19.88,30.47,81.95,46.45,16.86,11.83,0.3,4.14,2.66,3.85,2.66,1.48,0.0,9.17,0.0,2.96,10.06,10.06,2.96,1.18,0.59,0.0,17.75,0.0,0.0,2.96,12.43,7.99,3.25,0.3,0.3,1.78,27.22,5.03,3.55,0.59,5.92,2.96,1.18,10.65,4.14,4.14,1.78,0.59,1.18,2.66,0.3,2.07,0.0,0.3,19.82,2.66,11.83,4.73,0.59,2.37,0.3,0.0,0.0,0.0,0.0,0.3,0.0,1.18,22.19,5.03,16.27,0.0,0.0,0.0,0.0,0.89,0.0,0.0,0.0,0.0,psy
wrWa_-RZIJBNLQD_FV-YGQ.txt,1,18319,18319.0,23.59,0.0,0.0,0.0,0.0,0.0,0.0,0.0,0.0,0.0,0.0,0.0,0.0,0.0,0.0,0.0,0.0,0.0,0.0,0.0,0.0,0.0,0.0,0.0,0.0,0.0,0.0,0.0,0.0,0.0,0.0,0.0,0.0,0.0,0.0,0.0,0.0,0.0,0.0,0.0,0.0,0.0,0.0,0.0,0.0,0.0,0.0,0.0,0.0,0.0,0.0,0.0,0.0,0.0,0.0,0.0,0.0,0.0,0.0,0.0,0.0,0.0,0.0,234.35,0.17,44.98,45.24,0.0,0.02,0.0,2.37,105.78,0.0,0.07,35.71,psy
8J9e_4S1aSOoUHCC3w1Xfg.txt,1,389,9.97,20.31,88.43,57.33,19.02,10.8,2.57,4.11,2.06,1.03,5.91,2.06,0.0,19.02,0.0,1.54,10.28,13.11,4.88,2.83,0.0,0.0,13.11,0.0,0.0,2.06,11.05,8.48,1.8,0.51,0.51,0.26,26.22,8.23,3.34,1.03,4.37,2.83,0.0,10.54,2.57,1.03,0.0,0.51,0.51,2.06,0.26,0.51,0.51,0.77,21.34,0.77,13.62,5.14,2.06,2.06,0.0,0.0,0.0,0.0,0.26,0.0,0.0,0.26,24.42,7.71,9.77,0.0,0.0,2.31,0.0,2.06,1.54,0.0,1.03,0.0,psy
VmgymH6CLAplyY-eVN38FA.txt,1,313,19.56,30.03,89.46,49.2,17.89,13.42,3.51,0.0,2.88,5.75,4.15,0.96,0.0,13.74,0.0,5.43,11.82,11.82,1.28,1.92,0.64,0.0,22.68,0.0,0.0,7.03,5.11,3.51,0.64,0.64,0.0,0.32,22.36,6.39,5.43,1.92,3.19,2.24,1.28,6.39,1.92,2.56,0.64,1.6,0.0,1.6,0.0,0.96,0.0,0.64,22.04,4.15,10.54,5.75,1.6,1.92,0.32,0.0,0.32,0.32,0.0,0.0,0.0,3.19,17.89,5.11,10.22,0.96,0.0,0.0,0.0,0.32,1.28,0.0,0.0,0.0,psy
lyH6Hh2-dj_Pw4U5XABkEA.txt,1,307,14.62,21.5,88.6,54.4,16.29,11.73,7.17,0.33,0.0,2.61,3.91,0.65,0.0,21.5,0.0,1.63,11.73,9.12,2.61,5.54,0.98,0.0,13.03,0.65,0.65,3.26,14.01,10.42,1.3,0.98,0.33,0.65,19.54,4.56,1.63,1.63,4.23,2.28,0.65,5.86,4.56,0.33,0.0,0.33,0.0,4.89,0.0,3.58,1.3,0.0,20.2,2.61,13.03,4.23,1.3,0.65,1.3,0.0,0.0,0.0,0.0,0.33,0.65,0.65,22.15,5.21,12.05,0.0,0.0,1.63,0.0,3.26,0.0,0.0,0.0,0.0,psy
XpKW3CcO-RsE8ac_AAwMMQ.txt,1,475,17.59,26.32,87.37,55.16,20.0,11.79,5.89,0.21,1.47,4.21,3.58,2.32,0.0,19.58,0.0,3.37,10.74,10.74,3.37,3.37,0.0,0.0,17.26,0.42,1.26,2.95,7.79,6.11,0.42,0.63,0.21,0.21,26.74,10.53,2.95,0.84,4.42,3.79,0.63,8.84,2.74,0.21,0.0,0.21,0.0,1.68,0.0,0.63,0.42,0.63,16.84,2.11,10.53,3.16,1.05,1.47,0.84,0.0,0.0,0.0,0.0,1.05,0.21,2.11,26.95,5.05,15.58,0.63,0.21,1.05,0.0,0.63,3.79,0.0,0.0,0.0,psy
F5KErv1-geI043aJEIc5wA.txt,1,302,15.1,26.82,82.78,53.97,16.23,10.26,1.66,5.63,0.0,1.32,3.97,0.99,0.0,11.26,0.0,3.97,14.57,12.58,2.65,3.97,0.66,0.0,15.23,0.33,1.32,1.66,6.95,5.63,0.99,0.33,0.33,0.33,28.48,7.62,7.62,1.32,3.64,1.66,0.99,10.6,2.32,1.99,0.66,1.32,0.0,0.99,0.33,0.33,0.0,0.33,14.57,0.66,9.93,4.3,0.66,1.32,0.33,0.0,0.66,0.0,0.0,0.0,0.0,2.98,25.5,7.28,14.9,0.66,0.0,0.66,0.0,1.32,0.66,0.0,0.0,0.0,psy
gy-SEnN_YgInM1J17UoEnw.txt,1,420,22.11,33.1,82.86,48.1,15.0,12.38,0.24,5.95,0.0,5.71,1.67,0.24,0.0,9.29,0.0,2.38,11.9,9.52,2.14,3.81,0.24,0.0,20.48,0.0,0.0,6.43,6.19,4.52,1.67,0.24,0.71,0.48,25.48,5.71,1.19,2.62,3.81,1.67,0.48,11.19,2.62,1.43,1.19,0.24,0.0,0.48,0.0,0.24,0.0,0.24,22.14,3.1,11.19,7.14,2.14,3.81,0.48,0.0,0.24,0.24,0.24,0.24,0.48,0.71,18.1,4.29,12.62,0.24,0.0,0.24,0.0,0.71,0.0,0.0,0.0,0.0,psy
e9K1j2hq-om8CENDBkw8vw.txt,1,286,17.88,30.77,80.07,43.36,15.03,10.84,9.79,0.35,0.0,0.7,3.5,0.35,0.0,18.53,0.0,1.4,10.14,10.84,1.75,1.05,0.35,0.0,8.04,0.7,0.7,0.0,11.19,8.74,1.05,0.35,0.0,1.05,17.83,2.8,0.7,1.75,2.45,1.75,0.35,8.74,4.2,1.75,0.35,0.7,0.0,0.7,0.0,0.0,0.7,0.0,23.43,5.59,10.49,6.29,3.15,1.75,1.4,0.0,1.4,0.0,0.0,0.7,0.35,0.0,23.08,5.59,15.73,0.0,0.0,0.0,0.0,1.05,0.0,0.0,0.7,0.0,psy
SOm3EQAxXfrF0rbCZm5fiA.txt,1,21575,21575.0,23.49,0.0,0.0,0.0,0.0,0.0,0.0,0.0,0.0,0.0,0.0,0.0,0.0,0.0,0.0,0.0,0.0,0.0,0.0,0.0,0.0,0.0,0.0,0.0,0.0,0.0,0.0,0.0,0.0,0.0,0.0,0.0,0.0,0.0,0.0,0.0,0.0,0.0,0.0,0.0,0.0,0.0,0.0,0.0,0.0,0.0,0.0,0.0,0.0,0.0,0.0,0.0,0.0,0.0,0.0,0.0,0.0,0.0,0.0,0.0,0.0,0.0,0.0,234.45,0.21,44.98,45.11,0.01,0.0,0.0,2.57,105.5,0.0,0.04,36.02,psy
YW8AbHYS-S4ZvE5HFctudg.txt,1,302,14.38,46.69,80.13,35.76,5.63,1.99,0.33,0.99,0.0,0.33,3.31,0.99,0.0,8.61,0.0,0.99,13.58,8.94,0.99,2.98,0.66,0.0,14.9,0.0,0.66,3.64,6.95,4.97,0.66,0.33,0.33,0.0,25.17,8.94,4.97,0.0,2.65,3.31,0.0,9.27,0.33,0.33,0.33,0.0,0.0,1.32,0.99,0.0,0.0,0.33,18.54,1.99,10.26,5.63,7.28,5.96,0.66,0.0,0.99,0.0,0.0,0.0,0.0,0.66,18.54,6.95,8.94,0.0,0.0,0.0,0.0,0.66,1.99,0.0,0.0,0.0,psy
1O2bOsYlQREmm8nn-60KCA.txt,1,18048,18048.0,23.33,0.0,0.0,0.0,0.0,0.0,0.0,0.0,0.0,0.0,0.0,0.0,0.0,0.0,0.0,0.0,0.0,0.0,0.0,0.0,0.0,0.0,0.0,0.0,0.0,0.0,0.0,0.0,0.0,0.0,0.0,0.0,0.0,0.0,0.0,0.0,0.0,0.0,0.0,0.0,0.0,0.0,0.0,0.0,0.0,0.0,0.0,0.0,0.0,0.0,0.0,0.0,0.0,0.0,0.0,0.0,0.0,0.0,0.0,0.0,0.0,0.0,0.0,233.94,0.29,44.45,44.84,0.0,0.0,0.0,2.58,104.79,0.0,0.0,36.99,psy
Uy-CFNCV8dmWOZIvKZ2KEQ.txt,1,307,10.96,29.97,82.08,46.58,11.73,5.21,0.33,0.65,1.3,1.63,4.23,0.33,0.98,9.77,0.33,4.23,11.4,10.42,3.58,2.93,0.33,0.0,9.45,0.98,0.0,1.3,9.77,7.82,1.95,0.0,1.3,0.0,22.8,3.26,3.26,0.98,5.54,1.63,1.3,7.17,3.26,3.58,0.65,2.28,0.0,2.93,1.3,0.65,0.0,0.98,22.8,2.93,14.66,5.54,1.3,3.58,0.65,0.98,0.0,0.0,0.0,0.98,0.33,1.3,30.29,7.49,13.03,0.98,0.0,1.63,3.26,1.3,0.65,0.0,0.65,1.3,psy
_FjkQ89JMO3G2bjIzTz-yA.txt,1,306,23.54,29.08,86.93,56.21,20.26,16.34,10.46,0.0,0.0,4.58,3.92,0.65,0.0,22.88,0.0,4.25,9.15,13.73,4.58,3.92,0.0,0.0,17.32,0.33,0.98,4.25,10.78,8.5,1.96,0.33,0.65,0.33,22.22,6.54,3.92,1.31,3.59,1.31,0.0,7.19,2.94,1.96,0.0,0.98,0.98,2.29,0.33,0.0,1.63,0.33,14.38,2.29,6.86,4.25,0.65,0.98,0.98,0.33,0.0,0.0,0.0,0.0,0.0,2.29,20.92,3.92,14.05,0.98,0.0,0.33,0.0,0.33,1.31,0.0,0.0,0.0,psy
-fcAeSgRNT6f0dzIIMEUeQ.txt,1,21106,21106.0,24.38,0.0,0.0,0.0,0.0,0.0,0.0,0.0,0.0,0.0,0.0,0.0,0.0,0.0,0.0,0.0,0.0,0.0,0.0,0.0,0.0,0.0,0.0,0.0,0.0,0.0,0.0,0.0,0.0,0.0,0.0,0.0,0.0,0.0,0.0,0.0,0.0,0.0,0.0,0.0,0.0,0.0,0.0,0.0,0.0,0.0,0.0,0.0,0.0,0.0,0.0,0.0,0.0,0.0,0.0,0.0,0.0,0.0,0.0,0.0,0.0,0.0,0.0,237.71,0.35,45.8,46.29,0.0,0.0,0.0,2.63,107.65,0.0,0.0,34.99,psy
oVMncMsbTea02X-Ej5iUcw.txt,1,16758,16758.0,23.44,0.0,0.0,0.0,0.0,0.0,0.0,0.0,0.0,0.0,0.0,0.0,0.0,0.0,0.0,0.0,0.0,0.0,0.0,0.0,0.0,0.0,0.0,0.0,0.0,0.0,0.0,0.0,0.0,0.0,0.0,0.0,0.0,0.0,0.0,0.0,0.0,0.0,0.0,0.0,0.0,0.0,0.0,0.0,0.0,0.0,0.0,0.0,0.0,0.0,0.0,0.0,0.0,0.0,0.0,0.0,0.0,0.0,0.0,0.0,0.0,0.0,0.0,232.73,0.12,44.75,44.8,0.0,0.0,0.0,2.35,104.73,0.0,0.0,35.98,psy
pSTF18wysMQ57qfGDfNRDg.txt,1,375,11.36,24.8,89.87,54.4,17.6,10.4,8.27,0.0,0.0,1.87,4.27,1.87,0.0,20.8,0.0,2.13,12.8,9.6,2.13,3.47,0.53,0.27,11.2,0.53,0.8,1.6,10.67,8.27,1.6,1.07,0.27,0.27,22.93,5.33,2.13,1.33,4.27,3.47,0.53,8.53,3.2,1.87,0.0,1.33,0.27,1.6,0.53,0.27,0.27,0.53,21.87,2.67,12.8,4.8,1.07,1.6,0.53,0.53,0.0,0.53,0.0,1.33,0.0,0.27,32.0,8.0,17.07,0.0,0.0,1.6,0.0,3.73,1.6,0.0,0.0,0.0,psy
wRAR3Dz2llQTtSMSULyfgw.txt,1,301,14.33,27.91,86.71,53.49,15.95,9.3,2.99,0.66,0.0,1.66,6.98,1.0,0.0,14.29,0.0,4.32,7.97,12.62,3.32,5.32,0.33,0.0,15.61,0.0,0.33,3.32,15.28,12.29,3.65,0.66,1.33,1.33,27.57,3.65,2.99,2.33,3.99,4.32,0.66,9.97,2.99,1.99,0.33,0.66,0.33,1.99,0.33,0.33,0.33,1.0,16.28,1.66,10.63,2.66,1.99,4.32,1.0,0.0,0.33,0.33,0.0,0.33,0.33,1.66,25.91,4.98,13.95,0.0,0.0,0.33,1.66,2.99,0.0,0.0,1.99,0.0,psy
HhusecysZPKw7b-Mq8JFKg.txt,1,331,17.42,31.72,86.1,50.76,11.18,7.25,2.72,1.21,0.3,2.72,2.11,1.21,0.0,14.5,0.0,2.11,10.57,13.29,3.93,5.74,0.3,0.0,12.08,0.0,0.0,3.32,12.69,8.16,3.32,1.21,1.21,1.51,23.56,3.63,1.51,1.51,3.32,3.02,0.3,12.39,2.11,3.63,0.3,1.81,1.21,2.42,0.0,1.21,0.0,1.21,20.54,0.6,15.71,3.63,1.51,1.81,0.3,0.0,0.0,0.3,0.3,0.3,0.0,1.21,26.59,6.95,13.9,0.3,0.3,0.0,0.0,1.51,2.42,0.0,1.21,0.0,psy
K3XQGPoXs6jTXllu3z6zWg.txt,1,24540,24540.0,24.0,0.0,0.0,0.0,0.0,0.0,0.0,0.0,0.0,0.0,0.0,0.0,0.0,0.0,0.0,0.0,0.0,0.0,0.0,0.0,0.0,0.0,0.0,0.0,0.0,0.0,0.0,0.0,0.0,0.0,0.0,0.0,0.0,0.0,0.0,0.0,0.0,0.0,0.0,0.0,0.0,0.0,0.0,0.0,0.0,0.0,0.0,0.0,0.0,0.0,0.0,0.0,0.0,0.0,0.0,0.0,0.0,0.0,0.0,0.0,0.0,0.0,0.0,239.16,0.24,46.21,46.38,0.0,0.05,0.0,2.73,108.64,0.0,0.0,34.91,psy
jxBUx8WjJOweQsWH3WMi6w.txt,1,297,9.28,31.31,85.86,48.15,17.51,10.44,5.05,1.01,0.67,3.37,2.02,0.67,1.35,15.49,0.0,4.71,8.42,11.45,3.37,3.37,0.34,0.0,10.77,0.0,0.0,1.68,16.84,11.78,4.04,0.67,0.67,1.01,25.59,4.04,3.37,2.36,3.37,3.37,2.36,9.09,3.7,3.03,1.35,0.67,0.67,1.68,0.34,0.67,0.0,0.67,18.18,3.37,12.12,3.03,2.36,3.37,0.34,0.0,0.34,0.34,0.0,0.67,0.0,2.69,26.26,10.1,12.46,0.0,0.0,1.01,0.0,0.67,2.02,0.0,0.0,0.0,psy
OjASZ6s0bLoHidxWcaHzzA.txt,1,352,20.71,25.28,87.22,53.41,15.06,11.08,6.82,0.85,0.0,2.56,3.41,0.0,0.0,16.76,0.0,2.27,9.38,14.2,2.56,5.68,0.28,0.0,15.34,0.85,1.42,2.56,10.8,6.25,1.99,0.57,0.57,0.28,23.3,3.98,2.27,1.14,4.26,2.56,1.14,9.09,2.56,5.68,1.99,2.56,0.28,2.27,0.57,1.14,0.0,0.57,15.91,1.14,9.94,3.12,2.27,1.14,0.0,0.0,0.28,0.0,0.28,0.57,0.0,1.14,23.86,4.83,15.62,0.28,0.0,0.0,0.0,2.56,0.57,0.0,0.0,0.0,psy
2NZFF4rwesGV0Q8Mlj1x3A.txt,1,482,17.21,33.4,80.08,45.85,13.69,8.51,1.66,1.04,0.0,5.6,3.73,0.41,0.0,11.41,0.0,2.49,14.52,7.26,2.9,3.11,0.62,0.0,15.77,1.04,0.62,2.07,7.68,4.77,1.45,0.41,1.04,0.41,17.63,5.81,2.07,0.0,1.24,2.07,0.41,8.51,0.83,1.45,0.62,0.62,0.21,1.45,0.62,0.41,0.21,0.21,21.37,2.07,14.32,4.98,1.87,1.24,2.9,0.41,0.21,0.0,0.21,0.41,0.83,1.04,20.75,4.77,12.45,0.41,0.0,1.04,0.21,0.21,1.24,0.0,0.41,0.0,psy
7qBZ4M86ybfXuo5Qb7FuNg.txt,1,266,17.73,31.95,83.83,53.76,16.92,11.28,4.51,2.63,0.0,4.14,3.01,1.5,0.0,16.92,0.0,2.63,9.4,12.78,3.01,4.89,0.75,0.0,16.17,0.0,0.38,5.64,6.77,6.02,0.0,0.38,0.0,0.0,25.19,3.01,2.63,2.63,3.76,6.02,1.13,9.02,4.51,0.38,0.0,0.38,0.0,0.38,0.0,0.38,0.0,0.0,20.3,1.13,14.66,3.01,1.5,2.63,0.0,0.0,0.38,0.0,0.0,0.75,0.0,1.13,24.44,5.64,13.91,0.0,0.0,0.0,0.0,1.88,3.01,0.0,0.0,0.0,psy
KWtdoop-WNrmcpRD8XxigQ.txt,1,322,15.33,29.81,87.27,55.9,16.77,8.07,0.93,4.97,0.31,1.55,4.66,2.48,0.0,11.8,0.0,3.11,9.32,13.98,3.42,7.45,0.31,0.0,10.25,0.0,0.0,1.24,12.11,9.63,0.93,0.93,0.0,0.0,31.99,4.66,4.04,1.86,3.42,6.52,0.62,14.29,3.11,0.62,0.0,0.62,0.0,1.86,0.0,0.93,0.0,0.93,21.12,1.86,12.11,5.59,2.48,5.59,0.0,0.0,0.31,0.0,0.0,0.93,0.0,1.24,20.5,6.52,12.73,0.0,0.0,0.0,0.0,1.24,0.0,0.0,0.0,0.0,psy
_IfBUFu8smaeqopEgbzxEA.txt,1,278,14.63,35.61,78.42,49.28,10.43,5.04,2.16,0.0,0.0,1.08,3.6,2.52,0.0,14.03,0.0,3.24,10.07,9.35,2.52,5.76,0.36,0.0,8.63,0.0,0.0,0.72,8.99,3.24,3.96,1.8,0.0,1.08,22.66,7.19,1.44,2.16,5.76,1.44,0.0,4.32,1.8,2.88,0.0,2.16,0.72,1.08,0.36,0.36,0.36,0.0,17.27,0.72,11.15,3.6,2.52,1.08,0.0,0.0,0.0,0.0,0.0,0.72,1.8,1.44,24.1,4.68,15.11,0.0,0.0,2.16,0.0,1.44,0.72,0.0,0.0,0.0,psy
tLkNxFDXMSBdQ94gDG7lqA.txt,1,321,15.29,27.73,81.31,48.91,13.71,10.28,3.74,4.05,0.31,1.56,2.49,0.93,0.0,14.64,0.0,2.18,9.35,10.9,3.43,5.61,0.0,0.0,13.71,0.0,1.25,2.18,11.84,9.35,1.87,0.31,0.62,0.62,19.31,3.12,2.18,1.87,1.87,3.74,0.31,8.41,2.49,2.8,1.25,0.62,0.93,2.18,0.31,0.93,0.31,0.62,18.69,0.93,10.59,5.92,1.56,0.93,0.62,0.0,0.0,0.31,0.0,0.31,0.0,0.31,19.31,5.61,10.9,0.0,0.0,0.0,0.93,0.62,1.25,0.0,0.0,0.0,psy
nR-4zvIUNWhftL4wVLwlGA.txt,1,19549,19549.0,24.29,0.0,0.0,0.0,0.0,0.0,0.0,0.0,0.0,0.0,0.0,0.0,0.0,0.0,0.0,0.0,0.0,0.0,0.0,0.0,0.0,0.0,0.0,0.0,0.0,0.0,0.0,0.0,0.0,0.0,0.0,0.0,0.0,0.0,0.0,0.0,0.0,0.0,0.0,0.0,0.0,0.0,0.0,0.0,0.0,0.0,0.0,0.0,0.0,0.0,0.0,0.0,0.0,0.0,0.0,0.0,0.0,0.0,0.0,0.0,0.0,0.0,0.0,236.8,0.12,46.2,46.28,0.0,0.01,0.0,2.48,107.9,0.0,0.0,33.81,psy
dtx972Pb4-Fa4S-SQ5uCkw.txt,1,21231,21231.0,24.26,0.0,0.0,0.0,0.0,0.0,0.0,0.0,0.0,0.0,0.0,0.0,0.0,0.0,0.0,0.0,0.0,0.0,0.0,0.0,0.0,0.0,0.0,0.0,0.0,0.0,0.0,0.0,0.0,0.0,0.0,0.0,0.0,0.0,0.0,0.0,0.0,0.0,0.0,0.0,0.0,0.0,0.0,0.0,0.0,0.0,0.0,0.0,0.0,0.0,0.0,0.0,0.0,0.0,0.0,0.0,0.0,0.0,0.0,0.0,0.0,0.0,0.0,242.19,0.26,46.47,47.08,0.02,0.2,0.01,2.78,110.21,0.0,0.0,35.17,psy
UEDy-0EJbKXu6TEZ70-EDw.txt,1,20014,20014.0,23.79,0.0,0.0,0.0,0.0,0.0,0.0,0.0,0.0,0.0,0.0,0.0,0.0,0.0,0.0,0.0,0.0,0.0,0.0,0.0,0.0,0.0,0.0,0.0,0.0,0.0,0.0,0.0,0.0,0.0,0.0,0.0,0.0,0.0,0.0,0.0,0.0,0.0,0.0,0.0,0.0,0.0,0.0,0.0,0.0,0.0,0.0,0.0,0.0,0.0,0.0,0.0,0.0,0.0,0.0,0.0,0.0,0.0,0.0,0.0,0.0,0.0,0.0,235.29,0.25,45.42,45.59,0.0,0.0,0.0,2.56,106.41,0.0,0.0,35.07,psy
3YUaPRFQ_0OmOFJlJT2BIQ.txt,1,422,8.27,21.8,85.55,54.74,20.14,10.66,4.03,1.9,0.95,1.9,7.35,1.18,0.71,19.67,0.0,1.9,9.48,11.61,4.5,3.32,0.71,0.0,13.51,0.0,0.71,0.95,9.72,6.4,1.42,1.18,1.42,0.0,23.46,8.06,2.37,0.95,3.32,1.42,0.47,9.72,3.55,1.18,0.71,0.47,0.0,0.71,0.0,0.0,0.0,0.71,16.35,1.18,10.19,2.84,0.71,1.42,0.47,0.47,0.24,0.0,0.71,0.47,0.47,0.95,31.28,8.53,11.14,0.0,0.0,2.84,1.9,0.71,4.74,0.0,1.42,0.0,psy
_OPzqyiKP6XCm8xMdasMdQ.txt,1,315,17.5,26.98,86.35,53.33,18.41,9.84,4.76,2.22,0.63,1.9,5.71,0.95,0.0,17.46,0.0,0.95,12.7,8.25,1.27,4.44,1.27,0.0,11.11,0.0,0.63,1.27,7.62,6.35,0.32,0.95,0.0,0.32,26.98,7.62,2.22,0.95,2.54,4.76,0.63,11.43,2.22,1.27,0.95,0.32,0.0,1.27,0.32,0.95,0.0,0.0,23.49,2.22,14.92,4.44,3.81,3.17,0.0,0.32,0.32,0.0,0.0,0.63,0.0,0.32,34.29,5.71,15.24,0.63,0.0,0.32,0.0,4.13,6.98,0.0,1.27,0.0,psy
41JSa5KbSagMjGuVM7aykA.txt,1,262,9.36,37.4,84.35,39.69,11.07,7.25,0.76,2.29,0.0,3.44,3.44,0.76,0.38,9.92,0.0,0.38,10.31,8.4,2.67,3.82,0.0,0.38,17.56,0.0,0.0,6.87,14.89,8.02,5.73,1.53,2.67,0.76,24.43,4.96,2.29,2.29,3.82,3.05,2.29,7.63,3.82,1.15,0.0,0.38,0.76,2.29,0.76,1.53,0.0,0.0,19.08,1.53,14.12,2.67,2.29,4.58,0.76,0.0,0.0,0.0,0.0,0.0,0.76,0.0,20.23,9.16,9.16,0.0,0.0,1.53,0.0,0.38,0.0,0.0,0.0,0.0,psy
hZOqZvR-BufQugIPiKglKg.txt,1,324,10.45,29.01,91.67,47.84,11.73,8.02,0.0,5.86,0.0,1.23,3.7,0.0,0.0,12.65,0.0,2.16,10.19,11.11,4.94,4.94,0.31,0.0,14.81,0.0,0.93,4.94,15.74,10.8,4.32,0.62,2.78,0.62,28.7,8.95,1.85,0.62,1.54,2.16,1.54,11.42,2.78,2.16,0.0,0.62,1.23,2.16,0.0,0.62,0.31,1.23,18.21,1.85,13.58,3.09,2.78,3.7,0.31,0.31,3.4,0.0,0.0,0.31,0.0,0.31,18.52,9.57,7.41,0.31,0.0,0.0,0.0,1.23,0.0,0.0,0.0,0.0,psy
md7p43g_1pEU-Ac_Awo0lA.txt,1,262,23.82,35.5,79.01,45.42,11.45,7.25,3.44,2.29,0.0,1.15,2.29,0.76,0.0,12.6,0.0,3.05,10.69,11.45,2.67,4.96,0.0,0.0,10.31,0.0,0.0,1.15,9.92,6.87,1.15,0.76,0.0,0.0,26.34,4.2,2.67,0.38,2.67,4.2,0.38,11.07,1.15,2.29,0.0,1.15,0.38,1.53,0.0,0.0,0.0,1.53,17.94,2.29,10.69,3.05,1.53,5.34,0.0,0.0,0.0,0.0,0.0,0.76,0.0,1.53,24.05,3.82,13.36,0.0,0.0,0.0,0.0,0.0,6.87,0.0,0.0,0.0,psy
OUKUjiazODgv4UKvfzEEUw.txt,1,19074,19074.0,23.08,0.0,0.0,0.0,0.0,0.0,0.0,0.0,0.0,0.0,0.0,0.0,0.0,0.0,0.0,0.0,0.0,0.0,0.0,0.0,0.0,0.0,0.0,0.0,0.0,0.0,0.0,0.0,0.0,0.0,0.0,0.0,0.0,0.0,0.0,0.0,0.0,0.0,0.0,0.0,0.0,0.0,0.0,0.0,0.0,0.0,0.0,0.0,0.0,0.0,0.0,0.0,0.0,0.0,0.0,0.0,0.0,0.0,0.0,0.0,0.0,0.0,0.0,233.99,0.19,44.58,44.8,0.0,0.0,0.01,2.58,105.13,0.0,0.0,36.69,psy
ozwndFmv1ADMRy30cgbbuA.txt,1,295,15.53,30.51,90.51,52.2,15.93,10.17,1.02,4.41,1.02,3.73,2.03,2.71,0.0,11.19,0.0,3.39,12.54,12.2,1.36,2.37,0.0,0.0,15.25,0.68,0.34,2.71,6.1,4.41,0.68,1.02,0.0,0.34,27.8,3.39,4.41,1.69,4.75,2.71,2.71,8.47,4.75,1.69,0.34,0.68,0.34,2.71,0.0,2.03,0.0,0.68,30.17,4.07,17.63,6.1,3.05,2.71,0.68,0.0,0.0,0.0,0.0,0.0,0.68,1.36,19.66,7.8,10.17,0.0,0.0,0.0,0.0,1.69,0.0,0.0,0.0,0.0,psy
YegzwxVHWylivhSKP48Y9A.txt,1,330,33.0,25.45,87.27,55.76,20.91,13.03,7.27,1.21,0.0,3.33,4.24,2.42,0.0,19.39,0.0,1.82,10.3,10.61,3.33,4.55,0.3,0.0,21.52,0.91,1.21,4.85,11.21,6.67,2.42,1.21,0.3,0.0,23.94,6.06,1.52,0.91,3.64,4.55,0.3,9.39,2.42,3.03,0.0,0.91,2.12,1.52,0.0,0.61,0.61,0.3,11.82,0.61,8.79,3.03,0.3,1.82,0.3,0.3,0.0,0.0,0.0,0.91,0.0,0.0,23.03,2.73,16.36,0.61,0.0,0.3,0.0,3.03,0.0,0.0,0.0,0.0,psy
gm38BPtcoxwxaNnttU7sXA.txt,1,18094,18094.0,23.69,0.0,0.0,0.0,0.0,0.0,0.0,0.0,0.0,0.0,0.0,0.0,0.0,0.0,0.0,0.0,0.0,0.0,0.0,0.0,0.0,0.0,0.0,0.0,0.0,0.0,0.0,0.0,0.0,0.0,0.0,0.0,0.0,0.0,0.0,0.0,0.0,0.0,0.0,0.0,0.0,0.0,0.0,0.0,0.0,0.0,0.0,0.0,0.0,0.0,0.0,0.0,0.0,0.0,0.0,0.0,0.0,0.0,0.0,0.0,0.0,0.0,0.0,234.53,0.18,45.19,45.24,0.0,0.01,0.03,2.53,105.6,0.0,0.0,35.76,psy
K2KiDsIg1gy6qYyV6s8Oeg.txt,1,324,8.76,22.53,94.75,57.1,21.6,17.59,14.2,0.0,0.0,1.54,4.01,0.31,0.0,28.09,0.62,2.78,9.26,10.8,2.78,4.32,0.93,0.0,15.12,0.31,0.0,5.25,18.21,12.65,3.09,0.31,0.0,2.16,21.91,5.56,4.94,1.85,4.01,1.23,0.31,4.94,3.09,2.78,1.85,0.62,0.31,4.32,0.31,1.23,2.78,0.0,12.65,1.85,6.79,2.16,0.93,2.47,1.54,0.62,0.0,0.31,0.31,0.31,0.0,0.62,22.53,11.42,9.26,0.0,0.0,0.0,0.0,1.85,0.0,0.0,0.0,0.0,psy
F_pSfD5OOnuBJLg2cbpZ3Q.txt,1,312,11.14,25.32,85.9,50.64,17.95,12.18,0.64,6.09,0.64,4.17,4.49,0.32,0.64,13.78,0.0,1.28,13.14,7.05,3.21,2.56,1.92,0.0,22.44,0.0,0.32,5.13,10.9,6.73,2.24,1.6,0.32,0.64,25.32,6.41,1.6,2.56,3.53,0.96,1.28,11.54,3.21,1.28,0.32,0.0,0.32,2.24,0.0,1.6,0.32,0.32,17.31,1.6,11.54,2.88,1.6,1.6,0.0,0.0,0.0,0.0,0.0,0.32,0.32,0.32,24.36,8.65,11.22,0.0,0.0,1.6,0.0,1.6,1.28,0.0,0.0,0.0,psy
gyMQ-LcR4BfpYibtMKvpwA.txt,1,315,11.67,26.98,91.75,55.56,15.87,10.16,5.71,1.59,0.0,2.86,4.13,0.0,0.0,16.51,0.32,2.22,14.29,15.56,1.59,1.27,0.0,0.0,8.89,0.0,0.0,1.27,9.21,6.67,2.22,0.0,0.63,0.0,28.25,5.71,5.4,2.54,3.17,1.9,0.95,10.16,4.76,3.17,1.27,0.63,0.95,2.22,0.0,0.63,0.32,1.27,23.49,1.27,14.92,4.76,2.86,3.49,0.0,0.0,0.0,0.0,0.0,0.95,0.32,1.27,24.13,6.03,10.79,0.32,0.0,2.22,0.32,1.9,2.54,0.0,0.0,0.0,psy
6a6OHAjTIkuaxkxvygZ9KA.txt,1,287,19.13,32.4,83.62,48.08,14.63,10.1,7.67,0.0,1.05,1.05,2.79,1.74,0.0,18.47,0.0,2.09,11.5,11.15,4.53,1.05,0.35,0.0,12.2,0.0,0.7,2.44,10.45,8.36,1.05,0.35,0.35,0.0,22.3,3.14,2.79,0.0,4.53,3.14,0.7,5.92,3.48,2.09,1.05,0.35,0.7,2.09,0.0,0.7,0.0,1.39,20.56,1.39,14.63,2.79,1.05,2.09,0.0,0.0,0.7,0.0,0.0,0.35,0.0,1.39,20.56,5.23,12.89,0.0,0.0,0.0,0.0,1.74,0.0,0.0,0.7,0.0,psy
sOrz4IsFPvw5COjULcuIzg.txt,1,19499,19499.0,24.13,0.0,0.0,0.0,0.0,0.0,0.0,0.0,0.0,0.0,0.0,0.0,0.0,0.0,0.0,0.0,0.0,0.0,0.0,0.0,0.0,0.0,0.0,0.0,0.0,0.0,0.0,0.0,0.0,0.0,0.0,0.0,0.0,0.0,0.0,0.0,0.0,0.0,0.0,0.0,0.0,0.0,0.0,0.0,0.0,0.0,0.0,0.0,0.0,0.0,0.0,0.0,0.0,0.0,0.0,0.0,0.0,0.0,0.0,0.0,0.0,0.0,0.0,237.23,0.16,45.95,46.16,0.0,0.05,0.0,2.62,107.78,0.0,0.0,34.51,psy
18OgJ4wlnTBSC_VL7D67Nw.txt,1,22248,22248.0,23.34,0.0,0.0,0.0,0.0,0.0,0.0,0.0,0.0,0.0,0.0,0.0,0.0,0.0,0.0,0.0,0.0,0.0,0.0,0.0,0.0,0.0,0.0,0.0,0.0,0.0,0.0,0.0,0.0,0.0,0.0,0.0,0.0,0.0,0.0,0.0,0.0,0.0,0.0,0.0,0.0,0.0,0.0,0.0,0.0,0.0,0.0,0.0,0.0,0.0,0.0,0.0,0.0,0.0,0.0,0.0,0.0,0.0,0.0,0.0,0.0,0.0,0.0,233.91,0.17,44.75,44.97,0.0,0.0,0.0,2.53,105.26,0.0,0.0,36.24,psy
qbVmGxsFD76XEKCNKm_LJw.txt,1,260,16.25,38.85,76.92,37.31,10.77,6.54,1.15,2.69,0.0,2.69,1.92,0.38,0.0,10.0,0.0,1.15,10.77,6.92,2.31,1.92,0.77,0.0,16.92,0.0,2.31,3.46,13.08,10.77,1.92,1.15,0.0,0.77,20.77,6.15,1.54,1.92,4.23,1.15,0.38,6.54,3.46,5.77,1.54,3.08,0.38,1.92,0.77,0.38,0.0,0.77,17.31,1.92,11.54,3.85,1.15,1.92,0.77,0.0,0.77,0.0,0.0,0.77,0.38,0.0,28.08,6.15,15.77,1.15,0.0,1.15,0.0,1.54,2.31,0.0,0.0,0.0,psy
v1DzP79P3t98IlvskmxMEw.txt,1,202,18.36,32.67,88.12,47.52,11.39,8.42,4.46,1.49,0.0,2.48,1.98,0.0,0.0,17.33,0.0,1.49,12.38,8.42,3.96,6.93,0.0,0.0,14.36,0.0,0.0,3.96,7.92,7.43,0.0,0.0,0.0,0.0,17.33,3.47,2.48,0.99,3.47,0.5,0.99,7.92,0.99,1.49,0.5,0.99,0.0,0.99,0.0,0.99,0.0,0.0,25.25,3.96,13.37,5.45,7.43,2.97,0.0,0.5,0.99,0.0,0.0,0.5,0.0,0.5,22.77,5.45,14.85,0.0,0.0,0.0,0.0,1.49,0.99,0.0,0.0,0.0,psy
Q8DaQwOhFYeaxVffJr1Jmw.txt,1,20829,20829.0,23.86,0.0,0.0,0.0,0.0,0.0,0.0,0.0,0.0,0.0,0.0,0.0,0.0,0.0,0.0,0.0,0.0,0.0,0.0,0.0,0.0,0.0,0.0,0.0,0.0,0.0,0.0,0.0,0.0,0.0,0.0,0.0,0.0,0.0,0.0,0.0,0.0,0.0,0.0,0.0,0.0,0.0,0.0,0.0,0.0,0.0,0.0,0.0,0.0,0.0,0.0,0.0,0.0,0.0,0.0,0.0,0.0,0.0,0.0,0.0,0.0,0.0,0.0,234.38,0.17,45.17,45.38,0.0,0.0,0.03,2.46,105.81,0.0,0.0,35.35,psy
eW2nlcfWrW11uNfl8GlilQ.txt,1,284,10.92,30.99,82.39,43.66,10.21,5.63,1.06,1.41,0.7,1.76,4.58,0.35,0.0,9.15,0.0,2.46,8.8,11.97,0.7,4.58,0.0,0.0,9.86,0.0,0.0,3.52,11.62,7.75,1.41,1.06,0.0,0.35,20.42,2.82,1.06,0.7,1.41,4.93,2.11,10.92,2.82,3.52,1.41,0.35,0.7,1.76,0.0,0.35,0.7,0.7,23.59,0.7,15.49,5.28,2.82,2.11,1.76,1.41,0.0,0.0,0.0,0.35,0.0,0.35,24.3,8.8,13.38,0.35,0.0,0.35,0.0,0.7,0.7,0.0,0.0,0.0,psy
gThUmBDiZRHMutqs7C6g3A.txt,1,17284,17284.0,23.46,0.0,0.0,0.0,0.0,0.0,0.0,0.0,0.0,0.0,0.0,0.0,0.0,0.0,0.0,0.0,0.0,0.0,0.0,0.0,0.0,0.0,0.0,0.0,0.0,0.0,0.0,0.0,0.0,0.0,0.0,0.0,0.0,0.0,0.0,0.0,0.0,0.0,0.0,0.0,0.0,0.0,0.0,0.0,0.0,0.0,0.0,0.0,0.0,0.0,0.0,0.0,0.0,0.0,0.0,0.0,0.0,0.0,0.0,0.0,0.0,0.0,0.0,233.09,0.28,44.34,44.75,0.0,0.05,0.0,2.45,104.2,0.0,0.0,37.02,psy
OjnYNjM8C4pvMN8hK6ItuQ.txt,1,17945,17945.0,23.67,0.0,0.0,0.0,0.0,0.0,0.0,0.0,0.0,0.0,0.0,0.0,0.0,0.0,0.0,0.0,0.0,0.0,0.0,0.0,0.0,0.0,0.0,0.0,0.0,0.0,0.0,0.0,0.0,0.0,0.0,0.0,0.0,0.0,0.0,0.0,0.0,0.0,0.0,0.0,0.0,0.0,0.0,0.0,0.0,0.0,0.0,0.0,0.0,0.0,0.0,0.0,0.0,0.0,0.0,0.0,0.0,0.0,0.0,0.0,0.0,0.0,0.0,234.22,0.18,45.14,45.3,0.0,0.01,0.0,2.44,105.77,0.0,0.0,35.39,psy
-04PilMPWcEqw9y6XCqbsA.txt,1,291,24.25,28.87,81.44,49.48,10.65,7.9,2.06,2.75,0.0,2.41,1.03,0.69,0.34,13.4,0.0,2.75,13.4,13.06,2.06,2.41,0.34,0.0,13.75,0.0,0.34,1.72,10.31,7.56,2.41,0.34,2.06,0.0,30.58,5.5,2.75,3.09,4.81,3.09,1.37,11.34,3.44,3.44,0.0,3.44,0.0,0.34,0.34,0.0,0.0,0.0,19.93,1.72,12.71,4.12,1.03,1.37,1.03,0.0,0.0,0.0,0.34,0.0,0.0,1.37,19.59,4.12,12.37,0.0,0.0,0.0,0.0,2.41,0.69,0.0,0.0,0.0,psy
yKdOROPiwsSTEhakb70VVw.txt,1,292,11.68,25.34,88.36,54.45,17.47,10.27,3.42,1.71,0.68,4.45,3.08,0.0,0.0,18.15,0.0,2.05,7.19,12.67,2.74,6.85,0.34,0.0,12.67,0.34,0.0,3.42,11.64,10.27,1.71,0.68,0.0,1.03,25.34,3.77,2.74,2.05,4.79,3.08,0.34,13.36,4.45,0.68,0.34,0.0,0.34,3.08,0.34,1.71,0.0,1.03,19.18,0.34,12.67,4.11,1.37,5.48,1.03,0.0,0.0,0.68,0.0,0.34,0.0,0.68,27.74,7.19,12.33,0.0,0.0,1.71,0.34,2.05,4.11,0.0,0.0,0.0,psy
w8QS9XZlArt9BdT-jmGKyA.txt,1,356,18.74,29.21,87.08,55.62,17.98,9.55,4.21,2.25,0.0,2.25,5.06,2.25,0.0,17.7,0.0,2.81,12.36,13.2,2.81,3.37,0.84,0.0,12.64,0.0,0.0,2.81,7.58,6.18,1.12,0.28,0.0,0.56,29.49,4.21,6.18,0.84,3.09,3.93,1.4,12.92,2.53,2.81,0.0,1.12,1.12,1.4,0.0,0.84,0.0,0.56,21.07,2.53,13.2,4.49,1.4,3.09,0.56,0.0,0.28,0.0,0.0,0.28,0.0,1.4,18.26,5.34,10.11,0.28,0.0,0.0,0.0,1.4,1.12,0.0,0.0,0.0,psy
jLbFylQENK7orBJsNEOumA.txt,1,539,12.25,27.83,83.86,48.24,18.37,10.76,2.04,1.48,0.93,4.64,4.64,1.86,1.67,15.4,0.0,1.67,10.95,10.39,2.23,2.04,0.74,0.0,16.33,0.93,0.19,2.6,15.03,11.69,1.86,1.86,0.56,0.56,20.59,5.75,2.6,1.3,4.64,1.86,0.37,7.79,3.53,2.41,1.3,0.93,0.19,1.48,0.0,1.11,0.19,0.19,20.04,3.34,12.62,4.45,1.67,2.41,0.74,0.37,0.0,0.0,0.19,0.37,0.0,0.19,30.06,7.79,15.77,0.19,0.37,1.11,0.37,2.23,1.11,0.0,1.11,0.0,psy
3i_PQx3QviP4-iI_GZm3vg.txt,1,28680,28680.0,24.11,0.0,0.0,0.0,0.0,0.0,0.0,0.0,0.0,0.0,0.0,0.0,0.0,0.0,0.0,0.0,0.0,0.0,0.0,0.0,0.0,0.0,0.0,0.0,0.0,0.0,0.0,0.0,0.0,0.0,0.0,0.0,0.0,0.0,0.0,0.0,0.0,0.0,0.0,0.0,0.0,0.0,0.0,0.0,0.0,0.0,0.0,0.0,0.0,0.0,0.0,0.0,0.0,0.0,0.0,0.0,0.0,0.0,0.0,0.0,0.0,0.0,0.0,237.1,0.27,45.66,46.04,0.0,0.04,0.01,2.6,107.27,0.0,0.0,35.21,psy
74exMOQFSol9VthytPziIw.txt,1,20785,20785.0,24.23,0.0,0.0,0.0,0.0,0.0,0.0,0.0,0.0,0.0,0.0,0.0,0.0,0.0,0.0,0.0,0.0,0.0,0.0,0.0,0.0,0.0,0.0,0.0,0.0,0.0,0.0,0.0,0.0,0.0,0.0,0.0,0.0,0.0,0.0,0.0,0.0,0.0,0.0,0.0,0.0,0.0,0.0,0.0,0.0,0.0,0.0,0.0,0.0,0.0,0.0,0.0,0.0,0.0,0.0,0.0,0.0,0.0,0.0,0.0,0.0,0.0,0.0,236.08,0.18,45.75,45.93,0.01,0.0,0.0,2.47,107.03,0.0,0.0,34.71,psy
ox7ijOWLEBlYW_MMuPfypg.txt,1,18994,18994.0,23.57,0.0,0.0,0.0,0.0,0.0,0.0,0.0,0.0,0.0,0.0,0.0,0.0,0.0,0.0,0.0,0.0,0.0,0.0,0.0,0.0,0.0,0.0,0.0,0.0,0.0,0.0,0.0,0.0,0.0,0.0,0.0,0.0,0.0,0.0,0.0,0.0,0.0,0.0,0.0,0.0,0.0,0.0,0.0,0.0,0.0,0.0,0.0,0.0,0.0,0.0,0.0,0.0,0.0,0.0,0.0,0.0,0.0,0.0,0.0,0.0,0.0,0.0,236.39,0.37,45.01,45.41,0.0,0.01,0.0,2.58,106.17,0.0,0.0,36.83,psy
7OmWnHzP3ftZTrv8ERqezg.txt,1,345,10.45,18.84,86.96,59.71,17.97,13.91,11.01,0.29,0.0,1.45,3.77,0.29,0.0,26.67,0.0,2.32,13.33,11.01,4.35,2.32,1.16,0.0,7.25,0.0,0.58,1.45,6.09,5.22,0.87,0.29,0.29,0.0,23.77,6.09,1.74,1.45,2.61,2.61,0.87,7.25,2.61,2.03,0.29,0.87,0.87,2.03,1.16,0.29,0.0,0.58,20.29,1.16,12.46,4.35,0.58,1.74,0.29,0.29,0.0,0.0,0.0,0.29,0.87,1.16,23.48,8.7,12.17,0.0,0.0,0.87,0.0,1.16,0.58,0.0,0.0,0.0,psy
uZeY-Fs2oI3tDlzcLyZD8Q.txt,1,316,16.63,24.05,88.29,54.75,18.35,8.86,7.28,0.63,0.0,0.32,4.75,1.27,0.0,17.72,0.0,2.22,10.44,15.51,2.22,3.8,0.0,0.0,12.97,0.63,0.63,2.53,9.81,8.54,1.58,0.0,0.63,0.63,25.95,4.43,1.58,0.32,6.01,3.16,0.0,10.44,5.7,2.53,1.58,0.32,0.32,1.27,0.32,0.32,0.63,0.0,18.04,0.95,12.97,3.48,1.27,1.58,0.0,0.0,0.32,0.0,0.0,0.63,0.0,0.32,19.3,5.7,10.13,0.0,0.0,0.0,0.32,3.16,0.0,0.0,0.0,0.0,psy
pR9E2cBdgzxiXZMqesAKaA.txt,1,339,10.27,21.83,85.84,58.11,23.01,13.27,10.62,0.0,0.29,2.06,5.6,0.88,0.29,25.66,0.0,0.88,12.09,10.62,4.42,2.06,0.0,0.0,6.19,0.0,0.0,0.29,11.21,8.55,0.88,1.18,0.0,0.29,19.76,4.72,0.88,0.88,6.19,1.77,0.88,11.5,3.54,2.65,0.29,1.77,0.59,1.18,0.0,0.29,0.0,0.88,23.01,2.65,14.75,3.24,0.88,1.47,0.0,0.0,0.0,0.0,0.0,0.29,0.0,0.0,24.19,10.03,11.21,0.0,0.0,0.29,0.0,2.65,0.0,0.0,0.0,0.0,psy
Ry7hP_olvKrDrlAayq6KWg.txt,1,178,13.69,37.08,88.2,43.26,11.24,8.43,1.69,1.12,0.0,5.06,0.56,1.12,0.0,12.36,0.0,3.37,9.55,11.8,3.37,2.81,0.0,0.56,17.42,0.0,0.0,6.18,6.74,5.06,0.56,0.56,0.56,0.0,27.53,6.18,4.49,0.56,2.81,3.37,2.81,6.74,3.37,1.69,1.12,0.0,0.0,1.12,0.56,0.56,0.0,0.0,25.84,5.06,11.8,7.87,6.18,1.12,0.0,0.0,0.0,0.0,0.0,1.12,0.0,1.69,23.6,7.3,14.04,0.56,0.0,0.0,0.0,0.56,1.12,0.0,0.0,0.0,soc
d3npJZeABm4CRaAg3ku1Cg.txt,1,433,25.47,31.87,81.76,47.11,16.63,9.7,0.92,2.08,0.46,5.77,5.31,1.39,0.0,9.93,0.0,4.39,10.39,8.31,1.62,3.23,0.69,0.0,16.86,0.92,0.23,4.62,9.7,7.39,1.39,0.46,0.23,0.69,21.02,3.7,2.54,0.69,3.46,1.62,0.92,10.16,2.54,2.31,1.62,0.46,0.23,2.54,0.23,1.85,0.23,0.23,23.33,2.08,15.94,5.31,1.62,1.39,0.23,0.46,0.0,0.0,0.0,0.23,0.23,0.92,19.17,4.62,11.55,0.46,0.46,0.0,0.0,1.62,0.46,0.0,0.0,0.0,soc
P2CRyaT3hrOnJ6wbGkHuYQ.txt,1,216,8.31,31.94,84.26,43.98,9.72,5.09,0.46,1.39,0.46,1.85,3.24,1.39,0.46,13.89,0.0,0.93,10.65,9.72,6.48,2.31,0.93,0.0,15.74,0.0,0.46,5.09,13.43,10.19,2.78,0.93,1.85,0.46,24.07,4.17,0.46,2.31,2.78,4.63,1.39,9.26,2.31,0.46,0.46,0.0,0.0,0.93,0.0,0.46,0.0,0.46,21.76,2.31,15.74,3.7,2.78,3.24,0.0,0.0,0.93,0.46,2.31,0.0,0.46,0.0,21.76,10.65,7.87,0.46,0.0,1.39,0.0,1.39,0.0,0.0,0.0,0.0,soc
vc6QJ5nb_uy1rgzuTNGaPA.txt,1,314,10.13,21.97,84.39,48.73,15.61,9.55,2.23,2.87,0.64,2.87,3.18,2.23,0.0,12.1,0.0,2.23,9.24,11.15,3.18,4.46,0.0,0.0,13.06,0.32,0.0,2.23,12.1,6.37,3.82,1.91,0.0,2.23,24.84,6.05,1.91,1.59,2.87,3.5,0.0,10.83,1.59,1.59,0.96,0.32,0.32,2.23,0.64,0.96,0.32,0.32,18.15,1.27,10.83,5.73,1.91,3.18,0.32,0.32,0.96,0.0,0.0,0.32,0.32,1.27,20.38,8.28,7.32,0.32,0.0,1.59,0.64,1.59,0.64,0.0,0.0,0.0,soc
IkhfzZoIf6vHTDPdDbssvA.txt,1,301,15.05,29.24,88.37,49.17,12.29,8.97,1.66,2.33,0.0,4.65,2.99,0.0,0.0,13.29,0.0,3.32,13.29,12.62,1.33,3.65,0.0,0.0,17.61,0.0,1.66,4.65,13.95,10.3,2.99,0.33,1.99,0.33,32.23,6.64,3.99,2.99,1.99,5.32,1.66,10.63,3.65,1.0,0.33,1.0,0.0,1.0,0.0,0.66,0.33,0.0,18.27,1.66,13.62,2.99,2.33,4.32,0.0,0.0,0.33,0.0,0.0,0.33,0.0,0.66,18.94,5.98,8.64,0.33,0.0,0.66,0.0,0.66,2.66,0.0,0.0,0.0,soc
RhsKVSh7Ssgp80nuqghmaQ.txt,1,384,19.2,31.77,85.42,52.6,16.15,8.85,1.3,3.65,0.78,2.86,3.12,1.3,0.78,10.94,0.0,3.65,11.72,10.94,2.86,3.91,0.52,0.52,15.1,0.0,1.04,3.39,10.42,6.25,2.86,1.04,1.04,0.52,25.78,5.73,3.91,1.56,5.21,2.34,0.52,10.16,3.12,1.56,0.78,0.26,0.0,1.82,0.52,1.04,0.0,0.26,20.31,2.86,11.46,3.39,1.82,2.08,1.56,0.0,0.0,0.52,0.0,1.3,0.0,1.56,25.78,5.47,13.02,1.04,0.26,0.52,0.26,3.12,2.08,0.0,0.0,0.0,soc
wECa2A8oAQ1J36AXI3dgog.txt,1,792,9.1,27.27,86.87,43.43,9.6,2.53,0.88,0.38,0.0,0.63,3.79,0.63,0.0,13.76,0.0,2.15,9.72,11.62,3.28,3.79,0.76,0.0,13.01,0.13,1.01,3.03,17.55,12.12,3.28,0.63,2.65,0.25,24.75,5.56,2.27,1.39,3.28,3.91,0.0,10.48,2.9,1.89,0.38,1.14,0.25,2.4,0.0,0.51,0.51,1.39,22.73,1.01,16.04,5.93,1.39,2.02,0.88,0.13,0.38,0.25,1.77,0.63,0.0,0.88,29.17,9.85,10.48,0.13,0.0,0.0,1.26,1.64,5.3,0.0,0.51,0.0,soc
6wSo1VjwhF7QWB-V4khyjQ.txt,1,309,15.45,27.51,86.73,52.43,17.15,12.62,8.41,0.32,0.0,3.88,1.29,1.29,0.0,20.39,0.0,3.24,12.3,9.71,2.91,3.88,0.0,0.0,12.3,0.65,0.0,2.91,10.68,8.74,0.65,0.0,0.0,0.32,26.54,8.74,3.88,2.27,2.59,4.53,0.0,7.77,0.65,0.32,0.32,0.0,0.0,1.29,0.0,0.65,0.65,0.0,15.86,0.32,10.03,4.53,2.27,1.62,0.32,0.32,0.97,0.0,0.0,1.62,0.32,1.94,22.98,6.15,13.59,0.0,0.0,0.0,0.32,2.27,0.65,0.0,0.0,0.0,soc
yeN8bbCXl4-mtnkCSMSjHA.txt,1,244,22.18,36.48,81.15,45.49,10.66,5.33,0.41,1.23,0.0,2.87,2.46,2.05,0.41,10.66,0.0,3.69,9.43,13.11,2.46,3.28,0.41,0.41,12.3,0.0,1.64,2.46,10.25,6.56,2.87,0.41,0.82,0.41,25.0,3.28,1.64,1.64,1.23,4.92,0.41,10.25,3.69,1.64,1.23,0.41,0.0,0.82,0.41,0.0,0.0,0.41,18.03,1.64,10.66,6.15,2.87,2.05,1.64,0.41,0.41,0.0,0.0,0.82,0.0,0.82,15.57,4.1,6.15,0.41,0.0,0.41,0.0,0.41,2.46,0.0,1.64,0.0,soc
kFJG3wrb6Ql3xMzbJSR_eA.txt,1,311,23.92,32.15,84.57,51.45,12.22,8.36,1.61,3.54,0.0,1.93,2.57,0.32,0.0,10.29,0.0,2.57,10.61,16.72,3.22,2.89,0.32,0.0,12.54,0.32,0.96,3.22,9.0,5.47,3.22,0.32,0.64,0.32,33.12,6.11,4.18,4.18,4.18,3.86,1.29,10.61,4.18,0.32,0.0,0.32,0.0,0.32,0.0,0.0,0.0,0.32,21.22,1.61,14.47,4.82,5.47,3.86,0.96,0.32,0.32,0.32,0.32,0.0,0.32,1.61,16.08,4.18,8.68,0.32,0.0,0.96,0.0,0.64,1.29,0.0,0.0,0.0,soc
5wTqTirNWV2JpiPmB9ve7g.txt,1,705,13.3,33.62,84.68,47.94,13.62,8.09,4.26,2.13,0.0,1.42,3.26,1.28,0.0,14.04,0.0,2.27,13.19,10.64,1.99,2.27,0.0,0.0,11.91,0.0,0.14,2.98,12.62,10.78,1.7,0.71,0.57,0.43,22.7,6.1,1.7,1.7,2.7,1.99,1.13,9.65,2.7,3.12,1.13,1.13,0.57,3.12,0.14,1.13,1.42,0.43,23.26,1.42,15.89,4.11,0.85,1.99,0.28,0.0,0.14,0.43,0.14,0.43,0.43,0.99,26.1,6.52,12.34,0.71,0.0,0.99,0.99,1.13,3.4,0.0,0.0,0.0,soc
lMxW3TW3mSlpo-j5aWXFzA.txt,1,314,62.8,28.03,86.62,51.27,15.61,7.64,3.5,1.59,0.32,2.23,5.1,1.27,0.0,19.43,0.0,1.27,11.78,10.51,4.78,4.78,0.0,0.0,14.97,0.0,0.64,5.73,11.78,8.92,1.27,0.96,0.64,0.32,28.03,5.41,1.27,1.59,2.55,3.18,0.96,14.97,2.87,1.27,0.0,0.64,0.32,0.32,0.32,0.0,0.0,0.0,16.88,4.14,10.19,2.23,1.27,2.23,0.0,0.0,0.0,0.0,0.0,0.32,0.0,0.32,18.15,9.24,6.69,0.32,0.0,0.0,0.0,0.64,1.27,0.0,0.0,0.0,soc
P1kIaARiTfkqrOOe2cPdvw.txt,1,324,12.96,31.79,84.26,46.3,11.73,5.56,2.78,0.93,0.31,1.54,3.4,0.93,0.0,14.51,0.0,2.78,13.89,10.49,1.23,2.16,1.23,0.0,16.67,0.93,1.54,8.33,12.65,9.88,1.54,0.62,0.62,0.31,23.46,1.54,2.47,2.16,2.47,1.85,0.93,14.2,2.47,0.31,0.0,0.0,0.0,1.54,0.0,0.93,0.31,0.31,24.38,1.54,15.43,5.56,3.4,1.85,0.93,0.31,0.0,0.0,0.0,0.62,0.0,0.93,12.96,7.72,4.01,0.0,0.0,0.0,0.0,0.93,0.0,0.0,0.31,0.0,soc
vLK1x7eGVI_cplbiQyzt3w.txt,1,297,27.0,25.59,87.88,49.16,14.81,9.76,4.38,1.68,1.35,2.36,1.68,0.34,0.67,17.85,0.0,2.69,8.42,12.46,3.03,3.7,0.34,0.0,14.14,0.0,1.68,2.69,14.14,11.45,2.02,0.0,0.0,1.01,30.98,5.05,3.03,4.04,3.37,6.4,1.01,10.44,2.02,3.03,0.34,0.67,2.36,2.69,0.67,0.34,0.34,1.35,18.86,1.68,11.11,4.71,1.68,4.04,0.0,0.0,0.67,0.34,0.0,0.67,0.34,1.01,35.02,16.16,7.41,0.67,0.0,2.02,6.73,0.34,1.35,0.0,0.34,0.0,soc
OmZYBpOU6i0pfY-8ATOr7A.txt,1,362,8.23,16.02,89.5,59.67,27.62,15.47,4.97,6.63,1.1,2.21,8.84,0.55,0.55,20.99,0.0,3.31,8.84,13.26,3.87,2.21,0.0,0.0,14.36,0.55,0.0,0.0,9.39,7.18,1.66,0.0,0.0,0.0,22.1,3.87,3.87,1.66,4.42,1.66,0.55,11.05,2.76,3.87,1.66,1.1,1.1,5.52,0.0,4.42,0.55,0.55,13.26,0.55,7.18,5.52,2.21,2.76,0.55,0.55,0.0,0.0,0.0,1.1,0.0,2.76,25.41,11.05,10.5,0.0,0.0,1.1,0.0,2.76,0.0,0.0,0.0,0.0,soc
wOwf5sZimVtsk8c1Nuybrg.txt,1,799,17.37,24.78,86.23,51.81,14.27,9.14,2.63,2.25,0.63,3.5,2.63,1.75,0.0,14.52,0.0,2.5,11.64,10.51,4.63,5.51,0.13,0.0,11.76,0.0,0.63,1.25,15.89,12.89,2.13,0.5,0.75,0.88,25.91,4.88,2.0,2.13,3.25,3.63,0.25,9.89,4.26,2.63,1.0,0.75,0.5,2.63,0.25,0.63,1.13,0.63,19.4,0.88,14.27,3.5,1.38,2.5,0.38,0.0,0.13,0.63,0.63,0.13,0.13,0.25,23.65,5.76,15.77,0.13,0.0,0.38,0.0,1.38,0.25,0.0,0.0,0.0,soc
YGwQfXF7SUDHIcTneBx96A.txt,1,364,121.33,26.37,79.67,46.7,12.64,7.69,3.57,1.1,1.1,1.92,2.75,0.82,0.27,15.11,0.0,1.65,11.26,10.99,6.32,1.92,0.0,0.0,10.44,0.0,0.0,2.47,9.89,4.4,5.22,1.1,1.37,2.2,21.15,5.77,2.47,1.1,3.02,2.2,0.0,8.52,3.57,2.47,1.37,0.55,0.27,2.47,1.65,0.82,0.0,0.27,18.13,1.37,10.16,4.95,2.2,1.92,0.27,0.0,0.0,0.0,0.55,0.27,0.27,0.27,21.43,4.4,14.84,0.0,0.0,0.82,0.0,1.37,0.0,0.0,0.0,0.0,soc
tNwZo-IJ1PodgA9Dv29dKQ.txt,1,258,14.33,40.31,81.4,40.7,12.79,8.91,1.94,3.1,0.39,3.1,3.49,0.78,0.0,10.08,0.0,4.65,10.08,8.53,1.94,2.33,0.0,0.0,12.02,0.0,0.39,3.49,16.28,13.57,1.94,0.39,0.78,0.39,24.03,4.65,1.94,2.71,4.65,3.1,1.16,8.53,3.1,2.71,1.55,0.78,0.39,1.94,0.78,0.78,0.39,0.0,19.77,2.33,12.4,4.65,1.94,3.1,0.78,0.0,0.78,0.0,0.0,1.16,0.0,1.16,27.13,6.59,18.22,0.39,0.0,0.0,0.39,1.55,0.0,0.0,0.0,0.0,soc
3qvOy6fa4fgxAVfc54w2Cg.txt,1,303,11.65,25.41,89.77,58.09,23.76,17.49,10.56,1.32,0.0,2.97,7.92,0.66,0.0,21.78,0.0,2.31,9.24,9.9,4.95,2.97,0.66,0.0,14.52,0.33,0.33,3.96,9.9,8.91,0.66,0.33,0.0,0.33,22.11,5.94,2.64,0.33,2.31,1.98,0.99,9.57,2.97,2.64,0.99,0.66,0.99,0.99,0.0,0.33,0.0,0.66,19.47,0.99,12.21,3.3,0.99,0.99,0.33,0.0,0.0,0.0,0.0,0.0,0.33,1.32,31.35,6.93,11.22,0.33,0.0,0.0,1.65,1.98,8.58,0.0,0.66,0.0,soc
6txn5_trKCY7zquL3iM5CQ.txt,1,315,12.12,28.25,85.08,53.97,17.14,9.52,2.86,0.32,0.0,6.35,5.08,0.0,0.0,16.51,0.0,3.49,9.84,13.02,4.44,2.54,0.0,0.0,13.02,0.0,0.0,3.17,4.76,2.86,0.63,0.63,0.0,0.32,26.35,8.89,1.9,1.27,3.17,3.81,0.32,10.16,2.86,1.59,0.32,1.27,0.0,0.0,0.0,0.0,0.0,0.0,18.1,0.95,10.48,5.08,1.27,2.22,0.32,0.0,0.0,0.32,0.0,1.27,0.63,0.63,25.08,6.98,12.7,0.32,0.0,1.59,0.0,0.95,2.54,0.0,0.0,0.0,soc
H0_BvckhHHGZ7TqNPJ-mtA.txt,1,326,25.08,38.34,82.82,46.63,11.35,6.75,3.07,1.23,0.0,2.15,3.37,0.31,0.0,12.27,0.0,2.76,12.58,9.51,1.53,3.68,0.31,0.0,15.34,0.61,0.92,6.13,9.82,7.98,1.53,0.31,0.61,0.0,25.15,6.75,3.07,2.15,3.37,2.45,0.61,10.43,2.45,0.31,0.0,0.31,0.0,1.23,0.0,0.31,0.0,0.92,19.33,2.15,12.58,3.37,3.99,3.68,0.31,0.31,0.61,0.0,0.0,0.0,0.31,0.61,20.25,5.21,12.27,0.0,0.0,0.0,0.0,1.53,1.23,0.0,0.0,0.0,soc
zl7oABb2Y1XNEWjFoGV9IQ.txt,1,259,18.5,43.24,81.47,45.17,16.6,8.11,2.7,1.16,0.39,3.09,5.41,1.54,0.0,13.13,0.0,2.7,12.74,8.88,0.0,0.39,0.39,0.0,12.74,0.0,0.39,0.77,8.49,6.56,0.77,0.77,0.39,0.0,26.25,6.95,5.79,1.93,1.93,2.7,0.77,8.88,1.54,1.93,0.77,0.77,0.39,0.77,0.0,0.0,0.0,0.77,20.08,1.54,12.36,4.63,5.79,3.47,0.77,0.0,1.16,0.0,0.0,0.39,0.39,1.54,32.05,5.41,15.83,0.0,0.0,1.16,0.0,1.54,7.72,0.0,0.39,0.0,soc
akSNz2Ljhz8LYU1EkTDBKA.txt,1,462,11.85,24.68,82.9,51.52,15.15,11.04,1.73,3.25,3.9,1.95,3.03,0.0,0.0,11.69,0.0,3.46,10.82,16.02,4.98,1.95,0.0,0.0,14.72,0.0,0.0,1.08,11.47,8.23,2.81,0.0,1.52,0.87,31.39,4.11,4.11,1.52,4.11,2.81,1.52,14.07,3.46,1.3,0.43,0.22,0.43,3.03,1.08,0.22,0.87,0.87,15.37,0.87,13.85,1.3,2.6,4.33,0.43,0.22,0.22,0.0,0.0,0.87,0.43,2.16,25.54,8.23,13.64,0.0,0.0,0.22,0.0,1.73,0.87,0.0,0.87,0.0,soc
YS5DE6Pb7vGwQhPiaanmsA.txt,1,287,16.88,31.36,84.32,42.86,11.15,5.23,1.74,1.05,0.35,2.09,2.09,0.7,0.0,14.63,0.0,1.74,9.06,10.45,2.44,4.88,0.35,0.0,11.5,0.0,0.0,4.53,11.5,8.36,2.44,0.7,1.05,1.05,21.95,4.18,2.09,2.09,1.39,4.18,0.35,10.1,3.14,0.7,0.35,0.35,0.0,2.09,0.0,0.7,0.7,0.7,18.47,2.44,13.24,3.14,5.57,5.92,1.39,0.35,2.79,0.35,1.05,0.7,0.0,1.05,15.68,5.92,8.01,0.35,0.0,0.0,0.0,0.7,0.7,0.0,0.0,0.0,soc
M3ZvbBwoUNTzg9RGLUVJCw.txt,1,334,9.82,30.54,85.03,43.71,16.77,11.08,7.78,1.2,0.0,0.9,3.59,2.4,0.0,14.37,0.0,1.8,9.28,8.38,2.1,1.8,0.6,0.0,13.77,0.6,0.9,5.39,17.37,11.38,5.09,0.6,2.4,0.6,15.57,2.99,0.9,0.6,2.69,2.1,1.2,8.08,1.5,2.69,0.9,0.6,1.2,3.89,1.2,1.2,0.9,0.6,20.96,0.3,13.47,5.69,2.69,0.9,0.3,0.3,0.6,0.0,1.8,0.3,0.0,0.0,26.05,8.08,9.88,0.3,0.0,2.1,0.0,2.1,3.59,0.0,0.0,0.0,soc
WryOz9BNUy0QfqThbyCMaQ.txt,1,452,8.53,29.2,85.4,44.03,10.18,2.43,0.88,0.44,0.0,0.66,3.32,0.66,0.0,13.5,0.0,2.65,11.95,8.85,2.43,3.32,1.33,0.0,11.73,0.0,0.22,0.66,14.6,10.62,1.55,0.66,1.55,0.22,22.12,6.19,2.21,0.88,2.88,3.32,0.0,8.41,3.1,1.55,0.0,1.11,0.22,3.1,0.0,0.44,0.22,2.43,26.77,1.55,18.14,7.08,0.88,1.55,1.55,0.22,0.44,0.22,1.11,0.44,0.0,0.66,33.41,10.84,10.18,0.22,0.0,0.0,1.11,2.21,7.96,0.0,0.88,0.0,soc
